bank_id,bank,date,npl_ratio,npl_pred,error
628,JPMorgan Chase Bank NA,2005-09-30,0.9433645289767985,1.0683851869740524,0.12502065799725393
628,JPMorgan Chase Bank NA,2005-12-31,0.9665518811688678,1.0785835779006763,0.11203169673180846
628,JPMorgan Chase Bank NA,2006-03-31,0.9045871289894203,1.1154998062690988,0.21091267727967855
628,JPMorgan Chase Bank NA,2006-06-30,0.9333276156506429,1.060407032135978,0.12707941648533505
628,JPMorgan Chase Bank NA,2006-09-30,0.9301978350130645,1.0919836605010405,0.16178582548797593
628,JPMorgan Chase Bank NA,2006-12-31,0.9175280742470534,1.1064882408924057,0.1889601666453523
628,JPMorgan Chase Bank NA,2007-03-31,0.9444970924496264,1.076473422227612,0.13197632977798557
628,JPMorgan Chase Bank NA,2007-06-30,0.8886404599484383,1.0795483019019505,0.19090784195351218
628,JPMorgan Chase Bank NA,2007-09-30,1.0677505587449054,1.0626359176382856,-0.005114641106619855
628,JPMorgan Chase Bank NA,2007-12-31,1.2820171549907755,1.244236788590995,-0.03778036639978044
628,JPMorgan Chase Bank NA,2008-03-31,1.5182328264179634,1.4328181179956956,-0.08541470842226784
628,JPMorgan Chase Bank NA,2008-06-30,1.6537290425311162,1.6443305660951903,-0.00939847643592584
628,JPMorgan Chase Bank NA,2008-09-30,2.456884443467642,1.8524840556487572,-0.6044003878188846
628,JPMorgan Chase Bank NA,2008-12-31,3.534132199458832,2.6443241943809426,-0.8898080050778896
628,JPMorgan Chase Bank NA,2009-03-31,4.886903970547926,3.726769611144701,-1.1601343594032247
628,JPMorgan Chase Bank NA,2009-06-30,6.153725844571111,5.039685718337792,-1.114040126233319
628,JPMorgan Chase Bank NA,2009-09-30,7.64020546724353,6.219438607589968,-1.420766859653562
628,JPMorgan Chase Bank NA,2009-12-31,8.529406825988236,7.621027923897808,-0.908378902090428
628,JPMorgan Chase Bank NA,2010-03-31,8.592660462685963,8.42064031777886,-0.17202014490710305
628,JPMorgan Chase Bank NA,2010-06-30,8.269460944295346,8.454674073211088,0.18521312891574127
628,JPMorgan Chase Bank NA,2010-09-30,8.093370182163977,8.153071468211666,0.059701286047689095
628,JPMorgan Chase Bank NA,2010-12-31,8.118783959089287,7.938462446473407,-0.1803215126158797
628,JPMorgan Chase Bank NA,2011-03-31,7.444368593064373,7.942697508235039,0.49832891517066624
628,JPMorgan Chase Bank NA,2011-06-30,6.760124042320322,7.347497938389863,0.5873738960695416
628,JPMorgan Chase Bank NA,2011-09-30,6.374435305340078,6.704945997321832,0.330510691981754
628,JPMorgan Chase Bank NA,2011-12-31,6.104875176921047,6.269757564420304,0.1648823874992562
628,JPMorgan Chase Bank NA,2012-03-31,6.024650808721015,5.9937133672415,-0.030937441479514938
628,JPMorgan Chase Bank NA,2012-06-30,5.721155706769106,5.875919880244048,0.1547641734749421
628,JPMorgan Chase Bank NA,2012-09-30,5.795708496690073,5.5797104017807095,-0.21599809490936384
628,JPMorgan Chase Bank NA,2012-12-31,5.373051453616834,5.630307261621702,0.25725580800486814
628,JPMorgan Chase Bank NA,2013-03-31,5.0327806581783925,5.221893433155186,0.18911277497679357
628,JPMorgan Chase Bank NA,2013-06-30,4.67797833218032,4.90209450401207,0.22411617183175014
628,JPMorgan Chase Bank NA,2013-09-30,3.9236743601136554,4.541337549069661,0.6176631889560058
628,JPMorgan Chase Bank NA,2013-12-31,3.5705290079244625,3.894059598218628,0.3235305902941654
628,JPMorgan Chase Bank NA,2014-03-31,3.3809048025430464,3.5194192611718744,0.13851445862882805
628,JPMorgan Chase Bank NA,2014-06-30,3.2617281175653066,3.3218396367398464,0.06011151917453983
628,JPMorgan Chase Bank NA,2014-09-30,3.1533109366790324,3.225970977223769,0.0726600405447364
628,JPMorgan Chase Bank NA,2014-12-31,3.0368242246812973,3.05112083614035,0.014296611459052588
628,JPMorgan Chase Bank NA,2015-03-31,2.8743510247139605,2.9214950407698383,0.04714401605587781
628,JPMorgan Chase Bank NA,2015-06-30,2.614394493033782,2.7649465349713824,0.1505520419376003
628,JPMorgan Chase Bank NA,2015-09-30,2.4320620983575703,2.4993731223374303,0.06731102397986
628,JPMorgan Chase Bank NA,2015-12-31,2.2658531138247917,2.3421185312357298,0.07626541741093806
628,JPMorgan Chase Bank NA,2016-03-31,2.249463502753281,2.180395615024372,-0.06906788772890904
628,JPMorgan Chase Bank NA,2016-06-30,2.034431243107103,2.1606610895324896,0.1262298464253866
628,JPMorgan Chase Bank NA,2016-09-30,1.9692987565625157,1.933728958021975,-0.035569798540540765
628,JPMorgan Chase Bank NA,2016-12-31,1.8824576983723362,1.8612969430683908,-0.021160755303945455
628,JPMorgan Chase Bank NA,2017-03-31,1.714923007590373,1.7884168822843498,0.07349387469397684
628,JPMorgan Chase Bank NA,2017-06-30,1.553473536330208,1.6504000437542108,0.09692650742400288
628,JPMorgan Chase Bank NA,2017-09-30,1.488729205141143,1.4830510988707468,-0.0056781062703961105
628,JPMorgan Chase Bank NA,2017-12-31,1.5434770911901234,1.4038482809211907,-0.1396288102689327
628,JPMorgan Chase Bank NA,2018-03-31,1.4456155716473593,1.4451886725736265,-0.00042689907373283376
628,JPMorgan Chase Bank NA,2018-06-30,1.2540124015918177,1.3657570754864055,0.11174467389458775
628,JPMorgan Chase Bank NA,2018-09-30,1.1073751703812422,1.2056911193541104,0.09831594897286822
628,JPMorgan Chase Bank NA,2018-12-31,1.0730801425284622,1.0810341013822864,0.007953958853824217
628,JPMorgan Chase Bank NA,2019-03-31,1.0756630787726653,1.0644468062761971,-0.011216272496468171
628,JPMorgan Chase Bank NA,2019-06-30,0.9809046332136213,1.0362215375694293,0.05531690435580794
628,JPMorgan Chase Bank NA,2019-09-30,0.9701111293987384,0.9040832094593404,-0.06602791993939805
628,JPMorgan Chase Bank NA,2019-12-31,0.8029203226838675,0.8605621118158283,0.05764178913196083
628,JPMorgan Chase Bank NA,2020-03-31,0.8251035521526296,0.7087254731470464,-0.11637807900558328
628,JPMorgan Chase Bank NA,2020-06-30,1.065146235877943,1.2091756570618903,0.14402942118394724
628,JPMorgan Chase Bank NA,2020-09-30,1.368391139579215,1.249381434816549,-0.11900970476266592
628,JPMorgan Chase Bank NA,2020-12-31,1.2902156387034553,1.5646215386740359,0.2744058999705805
628,JPMorgan Chase Bank NA,2021-03-31,1.1770435184429047,1.0126257069252595,-0.16441781151764512
628,JPMorgan Chase Bank NA,2021-06-30,1.0363785669496477,1.1090366541647674,0.07265808721511968
628,JPMorgan Chase Bank NA,2021-09-30,0.9435313842525996,0.9333969468915994,-0.010134437361000281
628,JPMorgan Chase Bank NA,2021-12-31,0.9300776249897074,0.7796961482900672,-0.1503814766996402
628,JPMorgan Chase Bank NA,2022-03-31,0.9004725977845218,0.7928967266001549,-0.10757587118436696
628,JPMorgan Chase Bank NA,2022-06-30,0.8312203584935183,0.7843614233693271,-0.04685893512419115
628,JPMorgan Chase Bank NA,2022-09-30,0.7817881846334168,0.8804209795506915,0.09863279491727472
628,JPMorgan Chase Bank NA,2022-12-31,0.7622037999003771,0.8519745816180212,0.08977078171764408
628,JPMorgan Chase Bank NA,2023-03-31,0.7963433287472967,0.896011333427165,0.09966800467986825
628,JPMorgan Chase Bank NA,2023-06-30,0.7389424867054872,0.9063744367701986,0.16743195006471134
628,JPMorgan Chase Bank NA,2023-09-30,0.7514530636726757,0.8674815888394777,0.11602852516680195
628,JPMorgan Chase Bank NA,2023-12-31,0.7252129754362854,0.9314916664522553,0.20627869101596996
628,JPMorgan Chase Bank NA,2024-03-31,0.7950540252742517,0.9135786044729132,0.11852457919866144
628,JPMorgan Chase Bank NA,2024-06-30,0.7893703114690953,0.9526194282813035,0.16324911681220822
628,JPMorgan Chase Bank NA,2024-09-30,0.8293916415318767,0.9947388912881284,0.1653472497562517
628,JPMorgan Chase Bank NA,2024-12-31,0.8874186763744619,0.9738341079808869,0.08641543160642495
3510,Bank of America NA,2005-09-30,0.3252957006140651,0.5417023930053434,0.2164066923912783
3510,Bank of America NA,2005-12-31,0.31363699244851573,0.5079090111541089,0.19427201870559319
3510,Bank of America NA,2006-03-31,0.3302685495286067,0.5119906056227853,0.18172205609417863
3510,Bank of America NA,2006-06-30,0.2998688728223532,0.5309573094887018,0.2310884366663486
3510,Bank of America NA,2006-09-30,0.2988217809569557,0.506807534552689,0.2079857535957333
3510,Bank of America NA,2006-12-31,0.33341491426015224,0.523274584234983,0.18985966997483072
3510,Bank of America NA,2007-03-31,0.34647734236484484,0.5377944936823053,0.1913171513174604
3510,Bank of America NA,2007-06-30,0.37681103888081985,0.5277655162786393,0.15095447739781948
3510,Bank of America NA,2007-09-30,0.533548854955171,0.5920682785748205,0.05851942361964946
3510,Bank of America NA,2007-12-31,0.7494563095168579,0.7525882667779918,0.003131957261133911
3510,Bank of America NA,2008-03-31,1.0094606594783695,0.9427157388894506,-0.0667449205889189
3510,Bank of America NA,2008-06-30,1.2404769087704839,1.1766437066378543,-0.06383320213262955
3510,Bank of America NA,2008-09-30,1.8278675413583245,1.4748035064409843,-0.3530640349173402
3510,Bank of America NA,2008-12-31,3.405567453178451,2.063333511847188,-1.3422339413312634
3510,Bank of America NA,2009-03-31,4.601023127271377,3.617343379580201,-0.983679747691176
3510,Bank of America NA,2009-06-30,5.166024888909579,4.782024179872184,-0.38400070903739536
3510,Bank of America NA,2009-09-30,5.986674970562045,5.300468266432078,-0.6862067041299671
3510,Bank of America NA,2009-12-31,8.001362948421093,6.074661860105624,-1.9267010883154692
3510,Bank of America NA,2010-03-31,8.40058447929599,7.9347941726925795,-0.46579030660341036
3510,Bank of America NA,2010-06-30,8.064922222841918,8.28540267701071,0.2204804541687917
3510,Bank of America NA,2010-09-30,8.201777656450158,7.972056723193593,-0.22972093325656484
3510,Bank of America NA,2010-12-31,7.814902676039974,8.052329638235939,0.23742696219596482
3510,Bank of America NA,2011-03-31,7.933562189418028,7.66807457316082,-0.2654876162572082
3510,Bank of America NA,2011-06-30,7.754152472849145,7.820171054950607,0.06601858210146183
3510,Bank of America NA,2011-09-30,8.086864177571382,7.6533132609357475,-0.4335509166356344
3510,Bank of America NA,2011-12-31,8.464916627952114,7.8950568902138025,-0.5698597377383114
3510,Bank of America NA,2012-03-31,8.739404296840346,8.229242994983947,-0.5101613018563995
3510,Bank of America NA,2012-06-30,8.955006853015133,8.445686427686944,-0.5093204253281893
3510,Bank of America NA,2012-09-30,9.18600733837549,8.638610624246908,-0.5473967141285812
3510,Bank of America NA,2012-12-31,8.258540662133097,8.83662451635761,0.5780838542245128
3510,Bank of America NA,2013-03-31,7.47148099065682,7.952540287160972,0.481059296504152
3510,Bank of America NA,2013-06-30,6.572923012179488,7.211742570073842,0.6388195578943536
3510,Bank of America NA,2013-09-30,5.6637930592380235,6.3386172843404704,0.674824225102447
3510,Bank of America NA,2013-12-31,5.093947288010068,5.545450405214028,0.4515031172039601
3510,Bank of America NA,2014-03-31,4.7204894277030505,4.966618292912436,0.2461288652093856
3510,Bank of America NA,2014-06-30,4.318014855930128,4.595816482213525,0.2778016262833969
3510,Bank of America NA,2014-09-30,3.934152236283286,4.233002799299478,0.29885056301619217
3510,Bank of America NA,2014-12-31,3.1722937086429566,3.798606814346198,0.6263131057032414
3510,Bank of America NA,2015-03-31,2.7936068856223724,3.0608621361417434,0.26725525051937105
3510,Bank of America NA,2015-06-30,2.526572328151524,2.700580551647091,0.1740082234955671
3510,Bank of America NA,2015-09-30,2.2633146161011997,2.4283376795911984,0.16502306348999873
3510,Bank of America NA,2015-12-31,2.1141668539293472,2.194829040200254,0.08066218627090693
3510,Bank of America NA,2016-03-31,1.9376991199157763,2.0491825178295184,0.11148339791374218
3510,Bank of America NA,2016-06-30,1.781812260662919,1.8786100924941906,0.09679783183127166
3510,Bank of America NA,2016-09-30,1.7161979683835056,1.707409299012654,-0.008788669370851654
3510,Bank of America NA,2016-12-31,1.6346715984340274,1.634523289697829,-0.00014830873619842144
3510,Bank of America NA,2017-03-31,1.5134130584441055,1.566651136289365,0.05323807784525947
3510,Bank of America NA,2017-06-30,1.348567822775111,1.4722392405835278,0.12367141780841684
3510,Bank of America NA,2017-09-30,1.2724021055277823,1.3016905457131385,0.029288440185356146
3510,Bank of America NA,2017-12-31,1.2545787645829487,1.211725620770653,-0.04285314381229566
3510,Bank of America NA,2018-03-31,1.1809947749129974,1.184683829601199,0.0036890546882015762
3510,Bank of America NA,2018-06-30,1.0872978403364113,1.1281283854329316,0.04083054509652029
3510,Bank of America NA,2018-09-30,0.949804409829841,1.060317202593854,0.11051279276401305
3510,Bank of America NA,2018-12-31,0.903543554647402,0.9442761757982777,0.040732621150875725
3510,Bank of America NA,2019-03-31,0.870204099272849,0.9164137593256773,0.04620966005282823
3510,Bank of America NA,2019-06-30,0.7350176207207388,0.8543396547533856,0.11932203403264674
3510,Bank of America NA,2019-09-30,0.6506551902809359,0.6841069294864607,0.0334517392055248
3510,Bank of America NA,2019-12-31,0.6284409774052155,0.571263539815224,-0.0571774375899915
3510,Bank of America NA,2020-03-31,0.6179428776789747,0.5560349806219164,-0.06190789705705835
3510,Bank of America NA,2020-06-30,0.6713597128992009,1.0256903065682499,0.35433059366904895
3510,Bank of America NA,2020-09-30,0.6700510224303731,0.8900428788527438,0.21999185642237074
3510,Bank of America NA,2020-12-31,0.7874448009099753,0.9183091995967315,0.13086439868675626
3510,Bank of America NA,2021-03-31,0.808457218667189,0.5505937606317713,-0.25786345803541766
3510,Bank of America NA,2021-06-30,0.7356122890523582,0.7734436836293116,0.03783139457695339
3510,Bank of America NA,2021-09-30,0.6727581768483841,0.6617092088730258,-0.01104896797535837
3510,Bank of America NA,2021-12-31,0.6240264123287855,0.5362701844595202,-0.08775622786926529
3510,Bank of America NA,2022-03-31,0.6541444439007682,0.5162291172168697,-0.1379153266838985
3510,Bank of America NA,2022-06-30,0.5844078371979976,0.5639694661026983,-0.020438371095299335
3510,Bank of America NA,2022-09-30,0.553706588616658,0.6595726141140968,0.10586602549743884
3510,Bank of America NA,2022-12-31,0.537438610700797,0.6487759323278081,0.11133732162701104
3510,Bank of America NA,2023-03-31,0.5470637901417883,0.6959376573071504,0.1488738671653621
3510,Bank of America NA,2023-06-30,0.5450516872669441,0.6832014581817448,0.13814977091480074
3510,Bank of America NA,2023-09-30,0.6165773202244696,0.6965001335983173,0.07992281337384766
3510,Bank of America NA,2023-12-31,0.6982383443677947,0.8161187287344279,0.11788038436663317
3510,Bank of America NA,2024-03-31,0.7720902802283592,0.8998783805713192,0.12778810034295995
3510,Bank of America NA,2024-06-30,0.7519287982007486,0.9426985691863489,0.19076977098560022
3510,Bank of America NA,2024-09-30,0.7991078852012847,0.9711759672253982,0.1720680820241135
3510,Bank of America NA,2024-12-31,0.7877842266103793,0.9570157721494387,0.1692315455390594
3511,Wells Fargo Bank NA,2005-09-30,1.2029602736856804,1.20846036082652,0.005500087140839716
3511,Wells Fargo Bank NA,2005-12-31,1.393409345820116,1.3590661387412728,-0.034343207078843196
3511,Wells Fargo Bank NA,2006-03-31,1.3186851331181229,1.553589203675619,0.23490407055749607
3511,Wells Fargo Bank NA,2006-06-30,1.3305658728424732,1.486473486038514,0.15590761319604085
3511,Wells Fargo Bank NA,2006-09-30,1.4093638233270784,1.5021635661788062,0.09279974285172776
3511,Wells Fargo Bank NA,2006-12-31,1.8745673737434072,1.5938667460682525,-0.2807006276751547
3511,Wells Fargo Bank NA,2007-03-31,1.8606760361790244,2.0141408571160286,0.1534648209370042
3511,Wells Fargo Bank NA,2007-06-30,1.9459857842407748,1.9787139719178841,0.03272818767710928
3511,Wells Fargo Bank NA,2007-09-30,1.9947343339676016,2.0948193915943696,0.100085057626768
3511,Wells Fargo Bank NA,2007-12-31,2.3459058608130983,2.15358360054349,-0.1923222602696084
3511,Wells Fargo Bank NA,2008-03-31,2.5333727731605613,2.4711672684959427,-0.062205504664618605
3511,Wells Fargo Bank NA,2008-06-30,2.7211978218048345,2.63674489237076,-0.08445292943407434
3511,Wells Fargo Bank NA,2008-09-30,3.195140869586461,2.8942066262689368,-0.30093424331752416
3511,Wells Fargo Bank NA,2008-12-31,3.990578576553476,3.375837605624752,-0.6147409709287239
3511,Wells Fargo Bank NA,2009-03-31,4.878514855156166,4.1927399539895225,-0.6857749011666439
3511,Wells Fargo Bank NA,2009-06-30,5.719177105030387,5.067652365420136,-0.6515247396102515
3511,Wells Fargo Bank NA,2009-09-30,6.609599772112235,5.845844931979321,-0.763754840132914
3511,Wells Fargo Bank NA,2009-12-31,8.748830064295596,6.685783613484918,-2.0630464508106785
3511,Wells Fargo Bank NA,2010-03-31,8.347449757722762,8.663269258239074,0.31581950051631225
3511,Wells Fargo Bank NA,2010-06-30,7.97300756584561,8.259489233056966,0.2864816672113557
3511,Wells Fargo Bank NA,2010-09-30,7.764578106440201,7.909601846170951,0.14502373973075056
3511,Wells Fargo Bank NA,2010-12-31,7.18749867946773,7.664520820570837,0.4770221411031068
3511,Wells Fargo Bank NA,2011-03-31,7.060628646627924,7.101040520135328,0.04041187350740394
3511,Wells Fargo Bank NA,2011-06-30,6.580586310567648,7.021780209251945,0.4411938986842969
3511,Wells Fargo Bank NA,2011-09-30,6.42978383470522,6.571643275557717,0.1418594408524969
3511,Wells Fargo Bank NA,2011-12-31,6.628620566184592,6.357782714809676,-0.27083785137491656
3511,Wells Fargo Bank NA,2012-03-31,6.5416026186868965,6.523098007246526,-0.01850461144037041
3511,Wells Fargo Bank NA,2012-06-30,6.228445499237159,6.398903088155506,0.17045758891834684
3511,Wells Fargo Bank NA,2012-09-30,6.126935768459384,6.093589314858885,-0.03334645360049837
3511,Wells Fargo Bank NA,2012-12-31,6.050541080217456,5.978286547847346,-0.07225453237010981
3511,Wells Fargo Bank NA,2013-03-31,5.85894705704499,5.896147699607234,0.037200642562244646
3511,Wells Fargo Bank NA,2013-06-30,5.53569488423723,5.716443442190243,0.18074855795301215
3511,Wells Fargo Bank NA,2013-09-30,5.310587818327757,5.385415464321661,0.07482764599390457
3511,Wells Fargo Bank NA,2013-12-31,5.192336177749154,5.236787475510045,0.04445129776089107
3511,Wells Fargo Bank NA,2014-03-31,4.763430059142485,5.083482031043195,0.32005197190070955
3511,Wells Fargo Bank NA,2014-06-30,4.220805231350047,4.6604326134996965,0.43962738214964947
3511,Wells Fargo Bank NA,2014-09-30,4.013163439938141,4.165558597218569,0.15239515728042807
3511,Wells Fargo Bank NA,2014-12-31,3.8373472873234693,3.8972114086348655,0.05986412131139618
3511,Wells Fargo Bank NA,2015-03-31,3.59682272234926,3.7116808584042276,0.11485813605496764
3511,Wells Fargo Bank NA,2015-06-30,3.3282846523983176,3.4815863629278936,0.15330171052957597
3511,Wells Fargo Bank NA,2015-09-30,3.089803831670086,3.207926765958454,0.11812293428836806
3511,Wells Fargo Bank NA,2015-12-31,3.0106014145842868,2.997764816189967,-0.012836598394319942
3511,Wells Fargo Bank NA,2016-03-31,2.8714013883505407,2.9180261690660196,0.04662478071547893
3511,Wells Fargo Bank NA,2016-06-30,2.7416676615187594,2.7825702397900733,0.04090257827131394
3511,Wells Fargo Bank NA,2016-09-30,2.5579508054179736,2.636012935976081,0.07806213055810751
3511,Wells Fargo Bank NA,2016-12-31,2.453053954770814,2.451841621926704,-0.0012123328441102643
3511,Wells Fargo Bank NA,2017-03-31,2.2654928039141318,2.361948006984449,0.09645520307031719
3511,Wells Fargo Bank NA,2017-06-30,2.053100588929155,2.2050606999389926,0.15196011100983764
3511,Wells Fargo Bank NA,2017-09-30,2.0839453285479372,1.9897095900220545,-0.09423573852588274
3511,Wells Fargo Bank NA,2017-12-31,2.191387631765238,2.000578134877401,-0.19080949688783688
3511,Wells Fargo Bank NA,2018-03-31,2.012219259362371,2.091571252792879,0.07935199343050803
3511,Wells Fargo Bank NA,2018-06-30,1.8302604947546552,1.9355260953833848,0.10526560062872958
3511,Wells Fargo Bank NA,2018-09-30,1.7494834868676807,1.78454783865843,0.03506435179074918
3511,Wells Fargo Bank NA,2018-12-31,1.6774848354069665,1.7219493805120976,0.04446454510513109
3511,Wells Fargo Bank NA,2019-03-31,1.6407761550200566,1.669834835979383,0.02905868095932651
3511,Wells Fargo Bank NA,2019-06-30,1.4915151053953275,1.6045859888774838,0.11307088348215633
3511,Wells Fargo Bank NA,2019-09-30,1.4446105287399367,1.4210911219588882,-0.02351940678104847
3511,Wells Fargo Bank NA,2019-12-31,1.4356268761337065,1.3435433985138767,-0.09208347761982982
3511,Wells Fargo Bank NA,2020-03-31,1.425007330284621,1.340781689181898,-0.0842256411027229
3511,Wells Fargo Bank NA,2020-06-30,2.029849245242387,1.8103225792654325,-0.21952666597695436
3511,Wells Fargo Bank NA,2020-09-30,2.2698069449667795,2.194270205639362,-0.07553673932741756
3511,Wells Fargo Bank NA,2020-12-31,1.9751727301396176,2.4498762460821286,0.47470351594251103
3511,Wells Fargo Bank NA,2021-03-31,1.7877183971999506,1.693916392172371,-0.09380200502757963
3511,Wells Fargo Bank NA,2021-06-30,1.519155681547431,1.7203329344906166,0.20117725294318567
3511,Wells Fargo Bank NA,2021-09-30,1.5764066796648115,1.4241781325505902,-0.1522285471142213
3511,Wells Fargo Bank NA,2021-12-31,1.4978259806376035,1.4119113659595708,-0.08591461467803274
3511,Wells Fargo Bank NA,2022-03-31,1.2766737720323638,1.363744340522608,0.0870705684902442
3511,Wells Fargo Bank NA,2022-06-30,1.111665027174034,1.1747185740585675,0.06305354688453346
3511,Wells Fargo Bank NA,2022-09-30,1.1052883385070706,1.1805489975473242,0.07526065904025359
3511,Wells Fargo Bank NA,2022-12-31,1.1043609513679555,1.1926727839965894,0.08831183262863385
3511,Wells Fargo Bank NA,2023-03-31,1.1032888398389957,1.25428959161055,0.15100075177155436
3511,Wells Fargo Bank NA,2023-06-30,1.1743279602850665,1.2314735834877233,0.057145623202656814
3511,Wells Fargo Bank NA,2023-09-30,1.3027837077112494,1.313606731124523,0.01082302341327357
3511,Wells Fargo Bank NA,2023-12-31,1.3503701322495005,1.4868692517794708,0.1364991195299703
3511,Wells Fargo Bank NA,2024-03-31,1.36154656875633,1.5385211992781753,0.17697463052184537
3511,Wells Fargo Bank NA,2024-06-30,1.383433883809443,1.522283719547241,0.13884983573779786
3511,Wells Fargo Bank NA,2024-09-30,1.4174763802185562,1.5903827231250764,0.1729063429065203
3511,Wells Fargo Bank NA,2024-12-31,1.4523353858101737,1.5638442236343992,0.11150883782422549
5649,Fifth Third Bank NA,2005-09-30,2.385502578736586,2.1516686330751145,-0.23383394566147153
5649,Fifth Third Bank NA,2005-12-31,1.6570472597300383,2.370186378465423,0.7131391187353846
5649,Fifth Third Bank NA,2006-03-31,1.5632679950173403,1.69884716335046,0.13557916833311978
5649,Fifth Third Bank NA,2006-06-30,1.6339374662220532,1.6137763124704283,-0.02016115375162486
5649,Fifth Third Bank NA,2006-09-30,1.830998558688731,1.6848616498012845,-0.14613690888744646
5649,Fifth Third Bank NA,2006-12-31,1.7388064341441962,1.8880014434991002,0.14919500935490393
5649,Fifth Third Bank NA,2007-03-31,1.549905800800614,1.783054547155706,0.23314874635509208
5649,Fifth Third Bank NA,2007-06-30,1.559216733956092,1.5827204645014201,0.02350373054532806
5649,Fifth Third Bank NA,2007-09-30,1.72014221461243,1.6272139648202426,-0.0929282497921875
5649,Fifth Third Bank NA,2007-12-31,1.8541838686780814,1.7916798921635442,-0.06250397651453721
5649,Fifth Third Bank NA,2008-03-31,2.1768109460078136,1.904667120568535,-0.2721438254392785
5649,Fifth Third Bank NA,2008-06-30,2.11089736655206,2.197603030845787,0.08670566429372695
5649,Fifth Third Bank NA,2008-09-30,2.147883030688205,2.215972744745591,0.06808971405738573
5649,Fifth Third Bank NA,2008-12-31,2.6683965542998846,2.285868923250281,-0.38252763104960374
5649,Fifth Third Bank NA,2009-03-31,3.361157955189701,2.84371659461523,-0.517441360574471
5649,Fifth Third Bank NA,2009-06-30,3.2202861992482394,3.534720248775703,0.31443404952746334
5649,Fifth Third Bank NA,2009-09-30,3.1424291153867,3.3880361030076895,0.24560698762098943
5649,Fifth Third Bank NA,2009-12-31,3.4690566687715108,3.3155872489216898,-0.153469419849821
5649,Fifth Third Bank NA,2010-03-31,3.3927117787492,3.5850994033207013,0.19238762457150127
5649,Fifth Third Bank NA,2010-06-30,3.0547103311394492,3.4875927070991364,0.43288237595968715
5649,Fifth Third Bank NA,2010-09-30,2.8263009504896877,3.1720425877485297,0.345741637258842
5649,Fifth Third Bank NA,2010-12-31,2.3750454397478435,2.9081349460927886,0.533089506344945
5649,Fifth Third Bank NA,2011-03-31,2.0957094691576454,2.4632156015548863,0.36750613239724084
5649,Fifth Third Bank NA,2011-06-30,1.6574051321457346,2.2402901762557477,0.5828850441100131
5649,Fifth Third Bank NA,2011-09-30,1.433531580551459,1.8294819903280182,0.39595040977655915
5649,Fifth Third Bank NA,2011-12-31,1.3746776860533652,1.5467682508937006,0.17209056484033547
5649,Fifth Third Bank NA,2012-03-31,1.2916073582567218,1.4692676474579316,0.1776602892012098
5649,Fifth Third Bank NA,2012-06-30,1.1342482520188188,1.3487924787871672,0.2145442267683484
5649,Fifth Third Bank NA,2012-09-30,1.0816556543386329,1.190283557276322,0.10862790293768909
5649,Fifth Third Bank NA,2012-12-31,1.084645543615033,1.1210742694185412,0.03642872580350809
5649,Fifth Third Bank NA,2013-03-31,1.107229517154417,1.1137376660620601,0.006508148907643063
5649,Fifth Third Bank NA,2013-06-30,0.9596417453405035,1.135848363886547,0.17620661854604358
5649,Fifth Third Bank NA,2013-09-30,0.9513481075633554,0.9703448739129117,0.01899676634955627
5649,Fifth Third Bank NA,2013-12-31,0.9808222999005871,1.0260151462020626,0.045192846301475464
5649,Fifth Third Bank NA,2014-03-31,1.028121921534418,1.0119083253829506,-0.016213596151467335
5649,Fifth Third Bank NA,2014-06-30,0.9492806334121463,1.0375765241577606,0.08829589074561428
5649,Fifth Third Bank NA,2014-09-30,0.9715807636847954,0.9797149729161401,0.008134209231344669
5649,Fifth Third Bank NA,2014-12-31,0.9806618036894693,0.9280367201958217,-0.052625083493647584
5649,Fifth Third Bank NA,2015-03-31,0.9879654322253798,0.9167305031162263,-0.07123492910915352
5649,Fifth Third Bank NA,2015-06-30,0.9025837330838173,0.9201587623050735,0.0175750292212562
5649,Fifth Third Bank NA,2015-09-30,0.9488260033181477,0.8190831624995298,-0.12974284081861787
5649,Fifth Third Bank NA,2015-12-31,0.9817686349179985,0.877209172937021,-0.10455946198097743
5649,Fifth Third Bank NA,2016-03-31,1.0152375698166811,0.9031422023088489,-0.11209536750783222
5649,Fifth Third Bank NA,2016-06-30,0.9287415453449849,0.9303882274704365,0.001646682125451604
5649,Fifth Third Bank NA,2016-09-30,0.990060913661297,0.8245728070455434,-0.16548810661575364
5649,Fifth Third Bank NA,2016-12-31,1.0895797337785953,0.8712934399864491,-0.21828629379214615
5649,Fifth Third Bank NA,2017-03-31,1.1515574760403224,0.9740159671285198,-0.17754150891180265
5649,Fifth Third Bank NA,2017-06-30,1.1089383473257446,1.0522633672838877,-0.05667498004185689
5649,Fifth Third Bank NA,2017-09-30,1.1323424818378742,0.9968854961350977,-0.13545698570277653
5649,Fifth Third Bank NA,2017-12-31,1.2145396010119007,1.0007429314945004,-0.21379666951740028
5649,Fifth Third Bank NA,2018-03-31,1.3041971590395016,1.0679480984254024,-0.23624906061409923
5649,Fifth Third Bank NA,2018-06-30,1.2147838854870636,1.1652113758247573,-0.04957250966230631
5649,Fifth Third Bank NA,2018-09-30,1.2483568507790674,1.1014365873451861,-0.14692026343388132
5649,Fifth Third Bank NA,2018-12-31,1.3173868500969597,1.1465874548685102,-0.17079939522844945
5649,Fifth Third Bank NA,2019-03-31,1.345223701180465,1.227360934696871,-0.11786276648359406
5649,Fifth Third Bank NA,2019-06-30,1.2771161174513495,1.2229318438011358,-0.05418427365021361
5649,Fifth Third Bank NA,2019-09-30,1.323732434236041,1.1159060042282793,-0.2078264300077617
5649,Fifth Third Bank NA,2019-12-31,1.3842007813092068,1.126480848056814,-0.25771993325239273
5649,Fifth Third Bank NA,2020-03-31,1.4949590759374591,1.1891621460454516,-0.3057969298920076
5649,Fifth Third Bank NA,2020-06-30,1.361621228308467,1.7730745580374547,0.41145332972898774
5649,Fifth Third Bank NA,2020-09-30,1.0987313356488115,1.4614525272395484,0.3627211915907369
5649,Fifth Third Bank NA,2020-12-31,1.191563396407922,1.2432369524451357,0.051673556037213686
5649,Fifth Third Bank NA,2021-03-31,1.1618835522040012,0.8523775769483395,-0.3095059752556617
5649,Fifth Third Bank NA,2021-06-30,0.8925721309937056,1.0274613580646503,0.13488922707094475
5649,Fifth Third Bank NA,2021-09-30,0.860147311004809,0.7306010682549484,-0.1295462427498606
5649,Fifth Third Bank NA,2021-12-31,0.9206383915922474,0.6338348596334302,-0.28680353195881714
5649,Fifth Third Bank NA,2022-03-31,0.9922006716301713,0.7167119442786205,-0.27548872735155083
5649,Fifth Third Bank NA,2022-06-30,0.9333081777398283,0.803504246575067,-0.1298039311647613
5649,Fifth Third Bank NA,2022-09-30,1.0435502726517507,0.9093255503983249,-0.13422472225342585
5649,Fifth Third Bank NA,2022-12-31,1.219802779061716,1.031336509898109,-0.18846626916360698
5649,Fifth Third Bank NA,2023-03-31,1.4156208838925828,1.2599058188673093,-0.15571506502527344
5649,Fifth Third Bank NA,2023-06-30,1.428324256402351,1.422614891808727,-0.005709364593624144
5649,Fifth Third Bank NA,2023-09-30,1.6024613399752592,1.4497796181348064,-0.1526817218404528
5649,Fifth Third Bank NA,2023-12-31,1.8968022086359793,1.6660866015793916,-0.23071560705658767
5649,Fifth Third Bank NA,2024-03-31,1.9559186498415995,1.9502495346169608,-0.005669115224638643
5649,Fifth Third Bank NA,2024-06-30,1.843399921195373,1.9791848086286965,0.1357848874333234
5649,Fifth Third Bank NA,2024-09-30,1.9130270181267415,1.9206361167858863,0.007609098659144831
5649,Fifth Third Bank NA,2024-12-31,2.037388140165596,1.9276281604506136,-0.10975997971498241
6384,PNC Bank NA,2005-09-30,0.4165243505014486,0.5226773931281022,0.10615304262665365
6384,PNC Bank NA,2005-12-31,0.5760841935697034,0.5604579668560979,-0.015626226713605473
6384,PNC Bank NA,2006-03-31,0.4892482826297091,0.7258748281787725,0.23662654554906337
6384,PNC Bank NA,2006-06-30,0.5360522405249288,0.6473465384038818,0.11129429787895295
6384,PNC Bank NA,2006-09-30,0.43751299034369406,0.6959439564605175,0.2584309661168235
6384,PNC Bank NA,2006-12-31,0.40910230942507286,0.6205464081496915,0.21144409872461867
6384,PNC Bank NA,2007-03-31,0.38865712174255285,0.5756992857710267,0.18704216402847385
6384,PNC Bank NA,2007-06-30,0.4007237948061934,0.5340968597210795,0.13337306491488604
6384,PNC Bank NA,2007-09-30,0.5394110867594433,0.5811870297947846,0.04177594303534138
6384,PNC Bank NA,2007-12-31,0.790903266661976,0.7246984280703624,-0.06620483859161352
6384,PNC Bank NA,2008-03-31,0.9393592651184377,0.9483565609508869,0.008997295832449237
6384,PNC Bank NA,2008-06-30,1.1679111697482387,1.0771751061074846,-0.09073606364075415
6384,PNC Bank NA,2008-09-30,1.3527237853967196,1.373012811132627,0.020289025735907407
6384,PNC Bank NA,2008-12-31,2.0978282715674577,1.582202894991581,-0.5156253765758767
6384,PNC Bank NA,2009-03-31,2.866348644291911,2.3516774176314414,-0.5146712266604694
6384,PNC Bank NA,2009-06-30,3.5091355348904165,3.11406699258992,-0.3950685423004967
6384,PNC Bank NA,2009-09-30,3.8378041226784365,3.705806200780334,-0.13199792189810244
6384,PNC Bank NA,2009-12-31,7.096336498272232,4.016417051650146,-3.0799194466220863
6384,PNC Bank NA,2010-03-31,7.376208185671537,7.048595070659164,-0.32761311501237333
6384,PNC Bank NA,2010-06-30,6.7064418410959945,7.286742987573862,0.5803011464778676
6384,PNC Bank NA,2010-09-30,6.428917717212701,6.65857850605829,0.22966078884558883
6384,PNC Bank NA,2010-12-31,6.149886544467145,6.348391181804212,0.19850463733706736
6384,PNC Bank NA,2011-03-31,5.9406389378410385,6.065754833642338,0.1251158958012999
6384,PNC Bank NA,2011-06-30,5.492526398023273,5.908872046959302,0.4163456489360291
6384,PNC Bank NA,2011-09-30,5.234725285338744,5.488821819175491,0.2540965338367469
6384,PNC Bank NA,2011-12-31,5.0849332495406605,5.174138926382747,0.08920567684208613
6384,PNC Bank NA,2012-03-31,4.513266385620433,5.010949423069498,0.4976830374490646
6384,PNC Bank NA,2012-06-30,4.317271295914236,4.43008107870952,0.11280978279528409
6384,PNC Bank NA,2012-09-30,4.249427411736555,4.235166366715656,-0.01426104502089931
6384,PNC Bank NA,2012-12-31,3.9350913925812754,4.151586145572847,0.21649475299157173
6384,PNC Bank NA,2013-03-31,3.8465725398360586,3.845240703818925,-0.001331836017133714
6384,PNC Bank NA,2013-06-30,3.607620435998929,3.7626617871262176,0.15504135112728878
6384,PNC Bank NA,2013-09-30,3.359555868494715,3.511067807648471,0.15151193915375583
6384,PNC Bank NA,2013-12-31,3.120250118248562,3.340807497926542,0.22055737967798006
6384,PNC Bank NA,2014-03-31,2.8938287996046173,3.07343557557951,0.17960677597489294
6384,PNC Bank NA,2014-06-30,2.466525021142354,2.841182885379275,0.37465786423692116
6384,PNC Bank NA,2014-09-30,2.285321203042645,2.4549732172864487,0.1696520142438036
6384,PNC Bank NA,2014-12-31,2.190820114799236,2.2115379173308516,0.020717802531615703
6384,PNC Bank NA,2015-03-31,2.057103101893312,2.1026286649388646,0.04552556304555244
6384,PNC Bank NA,2015-06-30,1.8738698551554638,1.9731764467787811,0.09930659162331734
6384,PNC Bank NA,2015-09-30,1.8248774853331637,1.779897604802557,-0.04497988053060675
6384,PNC Bank NA,2015-12-31,1.752233879885002,1.7482862243056978,-0.003947655579304099
6384,PNC Bank NA,2016-03-31,1.7521138784708683,1.6747277931582207,-0.07738608531264757
6384,PNC Bank NA,2016-06-30,1.7005686459990799,1.6703237432296962,-0.03024490276938363
6384,PNC Bank NA,2016-09-30,1.656236166501404,1.5974416429002622,-0.05879452360114179
6384,PNC Bank NA,2016-12-31,1.6561093459449103,1.5446089918199073,-0.11150035412500303
6384,PNC Bank NA,2017-03-31,1.521880201481721,1.5534377445251701,0.031557543043449154
6384,PNC Bank NA,2017-06-30,1.4556576663011194,1.4468039492712244,-0.008853717029895014
6384,PNC Bank NA,2017-09-30,1.371479631836294,1.3691851360433294,-0.0022944957929647014
6384,PNC Bank NA,2017-12-31,1.3788642742992112,1.2716703905522606,-0.1071938837469506
6384,PNC Bank NA,2018-03-31,1.3132856524801169,1.268381497071954,-0.04490415540816284
6384,PNC Bank NA,2018-06-30,1.224997962256191,1.2193693252253799,-0.005628637030811179
6384,PNC Bank NA,2018-09-30,1.226765234781396,1.1566551477915357,-0.07011008698986032
6384,PNC Bank NA,2018-12-31,1.2115207164244033,1.1718362492291705,-0.039684467195232775
6384,PNC Bank NA,2019-03-31,1.141769655511982,1.1731998070596328,0.03143015154765072
6384,PNC Bank NA,2019-06-30,1.102697051435639,1.0768158917004675,-0.025881159735171355
6384,PNC Bank NA,2019-09-30,1.0922442236838694,0.99714903955406,-0.09509518412980944
6384,PNC Bank NA,2019-12-31,1.0683763043049828,0.953948953057746,-0.1144273512472368
6384,PNC Bank NA,2020-03-31,1.0300439177940672,0.9371621446089463,-0.09288177318512092
6384,PNC Bank NA,2020-06-30,1.1316135688620714,1.3805898681504205,0.24897629928834908
6384,PNC Bank NA,2020-09-30,1.3160948015850498,1.2903157211839393,-0.025779080401110432
6384,PNC Bank NA,2020-12-31,1.4261327845718366,1.4936475743771696,0.06751478980533299
6384,PNC Bank NA,2021-03-31,1.3910078390794334,1.1190009400469583,-0.2720068990324751
6384,PNC Bank NA,2021-06-30,1.2956651771434022,1.288953928599648,-0.006711248543754156
6384,PNC Bank NA,2021-09-30,1.2174421773526847,1.156020362848285,-0.06142181450439965
6384,PNC Bank NA,2021-12-31,1.3773489994043182,1.0160995923728682,-0.36124940703145003
6384,PNC Bank NA,2022-03-31,1.2521467864869036,1.1926538227656116,-0.05949296372129198
6384,PNC Bank NA,2022-06-30,1.059985017874551,1.0940395102438294,0.03405449236927849
6384,PNC Bank NA,2022-09-30,1.048171652735321,1.0742842696694308,0.02611261693410971
6384,PNC Bank NA,2022-12-31,0.9825295557127649,1.0812852020638557,0.0987556463510908
6384,PNC Bank NA,2023-03-31,0.9756914138468363,1.0819228405796801,0.1062314267328438
6384,PNC Bank NA,2023-06-30,0.9445277552808249,1.0536736358995906,0.10914588061876573
6384,PNC Bank NA,2023-09-30,1.0180747654997424,1.0395034769944584,0.021428711494716035
6384,PNC Bank NA,2023-12-31,1.018629462696834,1.161026769007918,0.14239730631108394
6384,PNC Bank NA,2024-03-31,1.0767429093716963,1.168361811436978,0.09161890206528178
6384,PNC Bank NA,2024-06-30,1.0942638110692644,1.1963519869818313,0.10208817591256691
6384,PNC Bank NA,2024-09-30,1.1065613449213054,1.2603366205989617,0.15377527567765625
6384,PNC Bank NA,2024-12-31,1.057091827415879,1.213308347590199,0.15621652017431997
6548,U.S. Bank NA,2005-09-30,1.0220858847659835,1.1225791785727064,0.1004932938067229
6548,U.S. Bank NA,2005-12-31,1.185843908641271,1.1156993518228233,-0.07014455681844778
6548,U.S. Bank NA,2006-03-31,1.0212117722621623,1.285072061480408,0.2638602892182458
6548,U.S. Bank NA,2006-06-30,0.8918631750285755,1.1332381941205616,0.2413750190919861
6548,U.S. Bank NA,2006-09-30,0.8682177433601229,1.015851147970911,0.147633404610788
6548,U.S. Bank NA,2006-12-31,0.9414130401479317,1.0110243065630706,0.06961126641513893
6548,U.S. Bank NA,2007-03-31,0.9293803770636396,1.0619181387077483,0.1325377616441087
6548,U.S. Bank NA,2007-06-30,0.8937765920308243,1.0282426393324555,0.13446604730163125
6548,U.S. Bank NA,2007-09-30,0.9969592209331324,1.0304140431707085,0.03345482223757612
6548,U.S. Bank NA,2007-12-31,1.1296275824988045,1.1404702215147555,0.010842639015951061
6548,U.S. Bank NA,2008-03-31,1.2889805434384347,1.2521634282710628,-0.03681711516737196
6548,U.S. Bank NA,2008-06-30,1.4793382458515847,1.3912499282576207,-0.08808831759396396
6548,U.S. Bank NA,2008-09-30,1.7826843883339394,1.6510981230194484,-0.13158626531449102
6548,U.S. Bank NA,2008-12-31,2.6450683296511626,1.971979598057006,-0.6730887315941565
6548,U.S. Bank NA,2009-03-31,3.436866166650845,2.851963829231381,-0.584902337419464
6548,U.S. Bank NA,2009-06-30,3.897650545481615,3.6362872185076798,-0.2613633269739353
6548,U.S. Bank NA,2009-09-30,4.2698989725216,4.056529684128132,-0.21336928839346747
6548,U.S. Bank NA,2009-12-31,4.986863019857072,4.408204806039282,-0.57865821381779
6548,U.S. Bank NA,2010-03-31,5.210815435967155,5.0455219789984005,-0.16529345696875453
6548,U.S. Bank NA,2010-06-30,5.052204994281024,5.230978464460626,0.17877347017960155
6548,U.S. Bank NA,2010-09-30,4.711503427812993,5.0844643263359846,0.37296089852299197
6548,U.S. Bank NA,2010-12-31,4.700785351332916,4.714746364279445,0.013961012946528406
6548,U.S. Bank NA,2011-03-31,4.6668437519714265,4.684935219195608,0.0180914672241812
6548,U.S. Bank NA,2011-06-30,4.315927668993917,4.693239214314763,0.377311545320846
6548,U.S. Bank NA,2011-09-30,3.9872259558660277,4.364774951886848,0.3775489960208205
6548,U.S. Bank NA,2011-12-31,3.7330958755980213,3.983284068895551,0.2501881932975296
6548,U.S. Bank NA,2012-03-31,3.5299908860765643,3.721779247958847,0.19178836188228265
6548,U.S. Bank NA,2012-06-30,3.072906443288238,3.4881982035430097,0.4152917602547719
6548,U.S. Bank NA,2012-09-30,3.1511204358369356,3.0472650540100794,-0.10385538182685616
6548,U.S. Bank NA,2012-12-31,3.067005548457809,3.1013117801108594,0.03430623165305047
6548,U.S. Bank NA,2013-03-31,2.9687430173537646,3.0118983674091844,0.04315535005541982
6548,U.S. Bank NA,2013-06-30,2.829379542881751,2.9201382087492194,0.09075866586746839
6548,U.S. Bank NA,2013-09-30,2.823881430181532,2.7623842832753454,-0.06149714690618646
6548,U.S. Bank NA,2013-12-31,2.8519042526713685,2.8206887139604957,-0.031215538710872792
6548,U.S. Bank NA,2014-03-31,2.786150285544348,2.805214301020401,0.019064015476053076
6548,U.S. Bank NA,2014-06-30,2.4393239924306562,2.7243547270737407,0.2850307346430845
6548,U.S. Bank NA,2014-09-30,2.3500547943026895,2.4139771255466496,0.06392233124396007
6548,U.S. Bank NA,2014-12-31,2.2762566781118947,2.2571696841927062,-0.019086993919188444
6548,U.S. Bank NA,2015-03-31,2.1641634698571157,2.1677683618509986,0.0036048919938829194
6548,U.S. Bank NA,2015-06-30,1.9997036105833044,2.0586917529263147,0.05898814234301031
6548,U.S. Bank NA,2015-09-30,2.0001301014932866,1.8831026382281115,-0.1170274632651751
6548,U.S. Bank NA,2015-12-31,1.971043098018492,1.8980575031901104,-0.07298559482838174
6548,U.S. Bank NA,2016-03-31,1.9467267507512005,1.8655414471356846,-0.0811853036155159
6548,U.S. Bank NA,2016-06-30,1.766276178591752,1.8383377421056506,0.07206156351389859
6548,U.S. Bank NA,2016-09-30,1.717810119633873,1.643991132074724,-0.07381898755914906
6548,U.S. Bank NA,2016-12-31,1.7405192609195663,1.5872635050091828,-0.15325575591038354
6548,U.S. Bank NA,2017-03-31,1.6619550299768189,1.6176100545368588,-0.04434497543996008
6548,U.S. Bank NA,2017-06-30,1.4217764139368085,1.5634280153134952,0.14165160137668664
6548,U.S. Bank NA,2017-09-30,1.2901591697616046,1.3218944246033142,0.03173525484170958
6548,U.S. Bank NA,2017-12-31,1.3237670344042793,1.1796788128637308,-0.14408822154054857
6548,U.S. Bank NA,2018-03-31,1.3382635071111986,1.201099453003795,-0.1371640541074035
6548,U.S. Bank NA,2018-06-30,1.1955449813479095,1.2275401841903297,0.03199520284242019
6548,U.S. Bank NA,2018-09-30,1.1185666647380532,1.113537093764588,-0.005029570973465125
6548,U.S. Bank NA,2018-12-31,1.0800099623251302,1.0545180542412582,-0.025491908083872028
6548,U.S. Bank NA,2019-03-31,1.0903007182684048,1.03391508211039,-0.05638563615801484
6548,U.S. Bank NA,2019-06-30,1.0902405303877074,1.0129527130079652,-0.07728781737974222
6548,U.S. Bank NA,2019-09-30,1.043363009474716,0.9700463551665763,-0.0733166543081396
6548,U.S. Bank NA,2019-12-31,1.0064319649631277,0.8925241257196652,-0.11390783924346248
6548,U.S. Bank NA,2020-03-31,0.9552531308012646,0.8634282376527715,-0.09182489314849307
6548,U.S. Bank NA,2020-06-30,1.0582692939837135,1.2947510517381358,0.23648175775442226
6548,U.S. Bank NA,2020-09-30,1.0492205558569117,1.2058399195636256,0.15661936370671392
6548,U.S. Bank NA,2020-12-31,1.1811652917093174,1.2268129730456054,0.04564768133628805
6548,U.S. Bank NA,2021-03-31,1.1034788669697688,0.8728085634860789,-0.2306703034836899
6548,U.S. Bank NA,2021-06-30,1.0402288957500478,1.0026568579938901,-0.037572037756157695
6548,U.S. Bank NA,2021-09-30,0.9445601924887451,0.8999634898348339,-0.04459670265391125
6548,U.S. Bank NA,2021-12-31,0.8791560736438608,0.7436040378929492,-0.13555203575091168
6548,U.S. Bank NA,2022-03-31,0.7887335524762444,0.7078529981340536,-0.08088055434219088
6548,U.S. Bank NA,2022-06-30,0.8493741277019793,0.6420107819132801,-0.2073633457886992
6548,U.S. Bank NA,2022-09-30,0.8469354798711541,0.8604653224083383,0.013529842537184145
6548,U.S. Bank NA,2022-12-31,1.0061547419194137,0.8762998333357745,-0.12985490858363913
6548,U.S. Bank NA,2023-03-31,1.0126606154134767,1.08881911148365,0.07615849607017333
6548,U.S. Bank NA,2023-06-30,0.9534967587197897,1.073143662763382,0.11964690404359224
6548,U.S. Bank NA,2023-09-30,1.0417776478928225,1.0325895670456746,-0.00918808084714784
6548,U.S. Bank NA,2023-12-31,1.1282842526046823,1.1679962512250375,0.03971199862035513
6548,U.S. Bank NA,2024-03-31,1.1653335607936661,1.2563217811659875,0.09098822037232135
6548,U.S. Bank NA,2024-06-30,1.1276841231107118,1.2644637079131493,0.13677958480243757
6548,U.S. Bank NA,2024-09-30,1.2287086970869676,1.2764626112327042,0.0477539141457366
6548,U.S. Bank NA,2024-12-31,1.3210624508213538,1.31303976878303,-0.008022682038323792
6672,KeyBank NA,2005-09-30,0.6660162326933413,0.6653667904551148,-0.0006494422382264942
6672,KeyBank NA,2005-12-31,0.6740130155816152,0.753827296278551,0.07981428069693586
6672,KeyBank NA,2006-03-31,0.6299168692943833,0.7764298037643262,0.14651293446994296
6672,KeyBank NA,2006-06-30,0.6424525213922734,0.7381742022340323,0.09572168084175892
6672,KeyBank NA,2006-09-30,0.7252583191897144,0.7544813911034287,0.029223071913714316
6672,KeyBank NA,2006-12-31,0.7670228868606265,0.8499610724938338,0.08293818563320732
6672,KeyBank NA,2007-03-31,0.8031664486182675,0.8712384580972379,0.06807200947897041
6672,KeyBank NA,2007-06-30,0.8364500908562028,0.8829582972228407,0.04650820636663788
6672,KeyBank NA,2007-09-30,1.0977652740992727,0.9500407249047396,-0.14772454919453315
6672,KeyBank NA,2007-12-31,1.4636474200347163,1.209101538955774,-0.25454588107894227
6672,KeyBank NA,2008-03-31,1.8476583706728504,1.5405466818439837,-0.30711168882886675
6672,KeyBank NA,2008-06-30,2.3165495081880096,1.8913231912232555,-0.4252263169647541
6672,KeyBank NA,2008-09-30,2.80719754938364,2.4136269771352516,-0.3935705722483882
6672,KeyBank NA,2008-12-31,2.9386313604047256,2.9109986840630597,-0.027632676341665885
6672,KeyBank NA,2009-03-31,2.9147934549118055,3.102225572773664,0.18743211786185832
6672,KeyBank NA,2009-06-30,2.9139505910676484,3.117994332762091,0.20404374169444273
6672,KeyBank NA,2009-09-30,5.635575856819806,3.103256161954109,-2.5323196948656976
6672,KeyBank NA,2009-12-31,5.168208201471789,5.668694550070236,0.5004863485984465
6672,KeyBank NA,2010-03-31,4.773792842176077,5.190043447867556,0.416250605691479
6672,KeyBank NA,2010-06-30,4.370926314293623,4.792826330848613,0.4219000165549902
6672,KeyBank NA,2010-09-30,3.7465570337043377,4.416155351872158,0.6695983181678202
6672,KeyBank NA,2010-12-31,3.296925978616536,3.7791438867119638,0.48221790809542764
6672,KeyBank NA,2011-03-31,3.1958321636081575,3.335755229033335,0.13992306542517774
6672,KeyBank NA,2011-06-30,3.1299872802771467,3.2807832499478398,0.1507959696706931
6672,KeyBank NA,2011-09-30,2.9711551976013792,3.2209349624591903,0.24977976485781106
6672,KeyBank NA,2011-12-31,2.611296750760196,2.999508289577693,0.3882115388174969
6672,KeyBank NA,2012-03-31,2.4842263722141564,2.6383780827689414,0.15415171055478494
6672,KeyBank NA,2012-06-30,2.3643227381079335,2.476442687515897,0.11211994940796366
6672,KeyBank NA,2012-09-30,2.1316610497871746,2.353227188055185,0.22156613826801053
6672,KeyBank NA,2012-12-31,1.892897009293952,2.114342975480964,0.22144596618701207
6672,KeyBank NA,2013-03-31,1.7878533547443547,1.8792072551986287,0.09135390045427405
6672,KeyBank NA,2013-06-30,1.6900144574079063,1.781057401305439,0.09104294389753265
6672,KeyBank NA,2013-09-30,1.5139712617045353,1.6624311210831448,0.1484598593786095
6672,KeyBank NA,2013-12-31,1.4070867405222762,1.560034878396879,0.1529481378746027
6672,KeyBank NA,2014-03-31,1.3255006172762136,1.417440406706957,0.09193978943074343
6672,KeyBank NA,2014-06-30,1.1942549651239505,1.3216625595128386,0.12740759438888816
6672,KeyBank NA,2014-09-30,1.1860211116786394,1.2144215923483037,0.028400480669664274
6672,KeyBank NA,2014-12-31,1.217956216676065,1.1339718754627166,-0.0839843412133483
6672,KeyBank NA,2015-03-31,1.0835322936955811,1.1442005133841382,0.06066821968855707
6672,KeyBank NA,2015-06-30,0.9618656365442023,1.0140821902681425,0.052216553723940184
6672,KeyBank NA,2015-09-30,0.9305719349998789,0.8788161167019255,-0.05175581829795339
6672,KeyBank NA,2015-12-31,1.0074184757420064,0.8638817805382397,-0.14353669520376666
6672,KeyBank NA,2016-03-31,1.1771214304574895,0.9311844444874005,-0.24593698597008906
6672,KeyBank NA,2016-06-30,1.1375711393590104,1.0868006245378876,-0.050770514821122825
6672,KeyBank NA,2016-09-30,1.1454596478948185,1.0252210790625615,-0.12023856883225692
6672,KeyBank NA,2016-12-31,1.1678652187358438,1.0215950529597582,-0.14627016577608565
6672,KeyBank NA,2017-03-31,1.1692715810043446,1.0516555551032778,-0.11761602590106679
6672,KeyBank NA,2017-06-30,1.0752536957482066,1.0728279497495892,-0.0024257459986174457
6672,KeyBank NA,2017-09-30,0.9594757119352048,0.9690182232741369,0.009542511338932136
6672,KeyBank NA,2017-12-31,0.9112863630545346,0.8417275789454524,-0.06955878410908223
6672,KeyBank NA,2018-03-31,0.9854904248222573,0.7860726032915151,-0.19941782153074228
6672,KeyBank NA,2018-06-30,0.932651989564502,0.8687744098400263,-0.06387757972447572
6672,KeyBank NA,2018-09-30,0.7783557540164463,0.8394632425854516,0.061107488569005275
6672,KeyBank NA,2018-12-31,0.6879668887116553,0.7075893225915093,0.019622433879853962
6672,KeyBank NA,2019-03-31,0.7759010990407812,0.6381461063894227,-0.1377549926513585
6672,KeyBank NA,2019-06-30,0.859341540816857,0.6903453622542719,-0.1689961785625851
6672,KeyBank NA,2019-09-30,0.8235549560052053,0.7261197096932148,-0.09743524631199052
6672,KeyBank NA,2019-12-31,0.9276654193537215,0.6590482119145498,-0.2686172074391717
6672,KeyBank NA,2020-03-31,0.9111355395678153,0.7628524631382145,-0.1482830764296008
6672,KeyBank NA,2020-06-30,0.936929790382624,1.2268241827316246,0.2898943923490006
6672,KeyBank NA,2020-09-30,1.168806928925001,1.0651486348496328,-0.10365829407536808
6672,KeyBank NA,2020-12-31,1.1934929272897001,1.3131405500399882,0.11964762275028806
6672,KeyBank NA,2021-03-31,1.1361377974282765,0.8580687216154808,-0.2780690758127957
6672,KeyBank NA,2021-06-30,0.9516283342878455,1.007074723398659,0.055446389110813454
6672,KeyBank NA,2021-09-30,0.8065650898747235,0.7901213504291806,-0.016443739445542893
6672,KeyBank NA,2021-12-31,0.8546673586061627,0.5872185688046521,-0.26744878980151066
6672,KeyBank NA,2022-03-31,0.775192847495248,0.6584219635816093,-0.11677088391363866
6672,KeyBank NA,2022-06-30,0.7006718067061963,0.6028958031345251,-0.09777600357167127
6672,KeyBank NA,2022-09-30,0.6809337271356887,0.6939906899528858,0.013056962817197149
6672,KeyBank NA,2022-12-31,0.6361368982985254,0.693524347870925,0.05738744957239961
6672,KeyBank NA,2023-03-31,0.6969215180697087,0.7138039987802616,0.016882480710552872
6672,KeyBank NA,2023-06-30,0.7072570725707257,0.7492741528700626,0.04201708029933693
6672,KeyBank NA,2023-09-30,0.6302698501208158,0.7742077392434275,0.14393788912261163
6672,KeyBank NA,2023-12-31,0.7164541590771099,0.7538861177047151,0.03743195862760529
6672,KeyBank NA,2024-03-31,0.7641520968333537,0.841907955835663,0.0777558590023093
6672,KeyBank NA,2024-06-30,0.6688322432877285,0.860083839069919,0.19125159578219053
6672,KeyBank NA,2024-09-30,0.7592954990215264,0.8177412480494137,0.05844574902788735
6672,KeyBank NA,2024-12-31,0.8655222351137798,0.8443667205475152,-0.021155514566264633
7213,Citibank NA,2005-09-30,1.2159699359038207,1.5978427718525665,0.38187283594874577
7213,Citibank NA,2005-12-31,1.1320182252841815,1.2843097284644174,0.15229150318023588
7213,Citibank NA,2006-03-31,0.9915866140840532,1.2202713046374092,0.22868469055335594
7213,Citibank NA,2006-06-30,0.9545844895989326,1.0912410304607933,0.13665654086186074
7213,Citibank NA,2006-09-30,0.9698715753022931,1.0608699222252214,0.0909983469229283
7213,Citibank NA,2006-12-31,0.8651236295860587,1.0927282883151495,0.22760465872909075
7213,Citibank NA,2007-03-31,0.8900440950172123,0.9759503331016153,0.08590623808440301
7213,Citibank NA,2007-06-30,0.9002666869615128,0.9770949090462477,0.07682822208473494
7213,Citibank NA,2007-09-30,1.1254808691844134,1.022447444282225,-0.10303342490218848
7213,Citibank NA,2007-12-31,1.6348387535055995,1.2474911229742986,-0.38734763053130083
7213,Citibank NA,2008-03-31,1.8121377154278058,1.714130124079013,-0.09800759134879278
7213,Citibank NA,2008-06-30,2.434249644099661,1.870126724265708,-0.564122919833953
7213,Citibank NA,2008-09-30,2.848483363151402,2.5368069054381133,-0.3116764577132889
7213,Citibank NA,2008-12-31,4.544353551256785,2.962175170182153,-1.5821783810746322
7213,Citibank NA,2009-03-31,5.45940725003422,4.627534146532834,-0.831873103501386
7213,Citibank NA,2009-06-30,5.983232372183184,5.527998673600204,-0.4552336985829797
7213,Citibank NA,2009-09-30,7.141830111686024,6.007642968477037,-1.1341871432089867
7213,Citibank NA,2009-12-31,7.180149353304496,7.100276796395535,-0.07987255690896067
7213,Citibank NA,2010-03-31,6.225505283677029,7.098122720237958,0.8726174365609296
7213,Citibank NA,2010-06-30,5.952310263218166,6.173015092352458,0.22070482913429146
7213,Citibank NA,2010-09-30,5.605175977695342,5.918530565152349,0.31335458745700784
7213,Citibank NA,2010-12-31,5.137388096835896,5.542751201233551,0.40536310439765444
7213,Citibank NA,2011-03-31,4.085304715292308,5.082253788049279,0.996949072756971
7213,Citibank NA,2011-06-30,3.2173629414732083,4.131186412835738,0.9138234713625293
7213,Citibank NA,2011-09-30,3.0795395601277433,3.3155408420670236,0.23600128193928027
7213,Citibank NA,2011-12-31,2.955461457842427,3.113910180838211,0.1584487229957836
7213,Citibank NA,2012-03-31,3.067782180916494,2.974950320254992,-0.09283186066150195
7213,Citibank NA,2012-06-30,2.847714772052149,3.038587603803631,0.19087283175148162
7213,Citibank NA,2012-09-30,2.97051636172319,2.820990104184312,-0.14952625753887805
7213,Citibank NA,2012-12-31,2.821150946687414,2.9170506881776808,0.0958997414902667
7213,Citibank NA,2013-03-31,2.656554447832659,2.766153217726478,0.109598769893819
7213,Citibank NA,2013-06-30,2.4360797545906006,2.611888100862938,0.17580834627233743
7213,Citibank NA,2013-09-30,2.3625942478932824,2.377704956529194,0.015110708635911685
7213,Citibank NA,2013-12-31,2.191811435817646,2.3719464438347364,0.18013500801709048
7213,Citibank NA,2014-03-31,2.0966236191068925,2.1691420957119725,0.07251847660507993
7213,Citibank NA,2014-06-30,1.9118851467774676,2.0605476884606695,0.14866254168320192
7213,Citibank NA,2014-09-30,1.8520252589140844,1.9029016784087533,0.05087641949466892
7213,Citibank NA,2014-12-31,1.73388467786528,1.7738059475285743,0.039921269663294234
7213,Citibank NA,2015-03-31,1.588246695081429,1.6426217497374542,0.05437505465602532
7213,Citibank NA,2015-06-30,1.4323608336103582,1.501936678346487,0.06957584473612877
7213,Citibank NA,2015-09-30,1.462862067048424,1.334426642775766,-0.12843542427265797
7213,Citibank NA,2015-12-31,1.4308105959483222,1.3777202395887775,-0.05309035635954462
7213,Citibank NA,2016-03-31,1.4905113726226291,1.3424108344961632,-0.14810053812646595
7213,Citibank NA,2016-06-30,1.439029701975106,1.3943745153232465,-0.04465518665185941
7213,Citibank NA,2016-09-30,1.3837669360310072,1.3215523078255513,-0.06221462820545587
7213,Citibank NA,2016-12-31,1.4007614395517562,1.2584203015181086,-0.14234113803364767
7213,Citibank NA,2017-03-31,1.2906256673072816,1.283382080516321,-0.007243586790960599
7213,Citibank NA,2017-06-30,1.1709443115287255,1.1994509106981617,0.02850659916943621
7213,Citibank NA,2017-09-30,1.1262468107698886,1.0714590915972428,-0.0547877191726458
7213,Citibank NA,2017-12-31,1.0810966276048741,1.0111459366762052,-0.0699506909286689
7213,Citibank NA,2018-03-31,0.9782568922644683,0.9583546963372529,-0.019902195927215427
7213,Citibank NA,2018-06-30,0.9190625371773011,0.8742322420480424,-0.044830295129258735
7213,Citibank NA,2018-09-30,0.8865287586694616,0.8389320390587793,-0.04759671961068224
7213,Citibank NA,2018-12-31,0.8572456331860729,0.8217920562335759,-0.03545357695249707
7213,Citibank NA,2019-03-31,0.8768880495817557,0.8099273604041726,-0.06696068917758313
7213,Citibank NA,2019-06-30,0.8387398399870772,0.7977768438945023,-0.04096299609257492
7213,Citibank NA,2019-09-30,0.8498343477925879,0.7189810272130202,-0.13085332057956778
7213,Citibank NA,2019-12-31,0.8926937854485577,0.6960844948998004,-0.1966092905487573
7213,Citibank NA,2020-03-31,0.8938651503419415,0.7421733262464802,-0.15169182409546123
7213,Citibank NA,2020-06-30,1.1454553472432214,1.2228245178562225,0.07736917061300108
7213,Citibank NA,2020-09-30,1.0472809136013521,1.2739112492594178,0.22663033565806567
7213,Citibank NA,2020-12-31,1.1126895071737304,1.2109032284602794,0.09821372128654904
7213,Citibank NA,2021-03-31,1.022380311913185,0.7942033563306641,-0.22817695558252082
7213,Citibank NA,2021-06-30,0.8962769671569096,0.9121575071503831,0.015880539993473497
7213,Citibank NA,2021-09-30,0.7904808666805154,0.7502388639313431,-0.040242002749172334
7213,Citibank NA,2021-12-31,0.7724800099755288,0.584336600650037,-0.18814340932549178
7213,Citibank NA,2022-03-31,0.8380064753644896,0.5932525545783329,-0.24475392078615665
7213,Citibank NA,2022-06-30,0.728330172150768,0.6743574488220037,-0.05397272332876435
7213,Citibank NA,2022-09-30,0.758786838083827,0.7323263478093993,-0.02646049027442765
7213,Citibank NA,2022-12-31,0.6691842948564345,0.7791573493980324,0.10997305454159789
7213,Citibank NA,2023-03-31,0.7317271691356015,0.7572176155757429,0.025490446440141312
7213,Citibank NA,2023-06-30,0.6406251261311441,0.7943445320794216,0.1537194059482775
7213,Citibank NA,2023-09-30,0.8161369733107297,0.7236958246847085,-0.09244114862602115
7213,Citibank NA,2023-12-31,0.838671810018236,0.9412982159676748,0.10262640594943884
7213,Citibank NA,2024-03-31,0.8047633507331878,0.9693446336995108,0.16458128296632302
7213,Citibank NA,2024-06-30,0.690760259199564,0.910624703081963,0.219864443882399
7213,Citibank NA,2024-09-30,0.6802477978958621,0.8506773305423427,0.17042953264648064
7213,Citibank NA,2024-12-31,0.7671393703463404,0.7821557285171175,0.015016358170777067
9846,Truist Bank,2005-09-30,0.43138666827917455,0.5123751158740402,0.08098844759486562
9846,Truist Bank,2005-12-31,0.4488320149681314,0.5316448336980035,0.08281281872987212
9846,Truist Bank,2006-03-31,0.420936727928534,0.5631505035524909,0.14221377562395687
9846,Truist Bank,2006-06-30,0.4011029276244573,0.5401605956701474,0.13905766804569009
9846,Truist Bank,2006-09-30,0.4222068776010332,0.5259668008344673,0.10375992323343414
9846,Truist Bank,2006-12-31,0.4214041283084929,0.5633062631199306,0.1419021348114377
9846,Truist Bank,2007-03-31,0.4295315735159594,0.5444734539338731,0.11494188041791376
9846,Truist Bank,2007-06-30,0.4725293313791318,0.5297943566868459,0.05726502530771416
9846,Truist Bank,2007-09-30,0.6115047413401749,0.60603017005829,-0.005474571281884888
9846,Truist Bank,2007-12-31,0.7818912379778593,0.7498130552454076,-0.032078182732451666
9846,Truist Bank,2008-03-31,1.1197053678654711,0.8970471852441306,-0.22265818262134052
9846,Truist Bank,2008-06-30,1.3915535683161915,1.2042935026559776,-0.18726006566021391
9846,Truist Bank,2008-09-30,1.5962506285860358,1.5409283023284122,-0.05532232625762368
9846,Truist Bank,2008-12-31,1.962325173317777,1.7688550368371576,-0.19347013648061928
9846,Truist Bank,2009-03-31,2.260314478021044,2.1811784429241605,-0.07913603509688327
9846,Truist Bank,2009-06-30,2.6657685964348836,2.5001975134877448,-0.16557108294713885
9846,Truist Bank,2009-09-30,4.023781657363941,2.8683035589297727,-1.155478098434168
9846,Truist Bank,2009-12-31,4.734941988050053,4.1488418158090195,-0.586100172241034
9846,Truist Bank,2010-03-31,5.074736080593753,4.780690281273406,-0.29404579932034647
9846,Truist Bank,2010-06-30,5.255208591841966,5.07530168975978,-0.17990690208218663
9846,Truist Bank,2010-09-30,4.9455757219276375,5.248297548087574,0.3027218261599369
9846,Truist Bank,2010-12-31,4.649589687168428,4.907854897690768,0.25826521052234064
9846,Truist Bank,2011-03-31,4.707939656308874,4.609242376574889,-0.0986972797339849
9846,Truist Bank,2011-06-30,3.901934886539932,4.704510574610943,0.8025756880710109
9846,Truist Bank,2011-09-30,3.5579346511172214,3.9472268052040698,0.38929215408684836
9846,Truist Bank,2011-12-31,3.2619527640145183,3.5513204797322646,0.28936771571774633
9846,Truist Bank,2012-03-31,3.182895740593249,3.2503796725934735,0.06748393200022429
9846,Truist Bank,2012-06-30,2.8188739340940345,3.13368614748704,0.31481221339300536
9846,Truist Bank,2012-09-30,2.569581892118188,2.780443760150421,0.21086186803223272
9846,Truist Bank,2012-12-31,2.4254398449554597,2.525889151316649,0.1004493063611891
9846,Truist Bank,2013-03-31,2.2271334677163286,2.3799135391781236,0.15278007146179506
9846,Truist Bank,2013-06-30,2.0892981659728758,2.1938843863175,0.10458622034462417
9846,Truist Bank,2013-09-30,1.9648786880016935,2.0375704225369398,0.07269173453524624
9846,Truist Bank,2013-12-31,1.8834083186061972,1.9838180108859276,0.1004096922797304
9846,Truist Bank,2014-03-31,1.7780766762817697,1.8651707045635386,0.08709402828176893
9846,Truist Bank,2014-06-30,1.5659490138944192,1.7470180058741325,0.18106899197971327
9846,Truist Bank,2014-09-30,1.4637897487163227,1.5635637977323005,0.09977404901597775
9846,Truist Bank,2014-12-31,1.290939792573721,1.3946103453748013,0.1036705528010804
9846,Truist Bank,2015-03-31,1.1135674574199628,1.2118747732345296,0.09830731581456686
9846,Truist Bank,2015-06-30,1.0227315503650165,1.041287158158057,0.01855560779304044
9846,Truist Bank,2015-09-30,1.0312664814860004,0.9350721848276118,-0.09619429665838863
9846,Truist Bank,2015-12-31,0.9041480902400945,0.9576674448039646,0.053519354563870136
9846,Truist Bank,2016-03-31,1.0162880032443327,0.8327786873562015,-0.18350931588813113
9846,Truist Bank,2016-06-30,0.9694051636572532,0.9341545492373684,-0.03525061441988475
9846,Truist Bank,2016-09-30,0.9424785963428512,0.8656657135093011,-0.07681288283355014
9846,Truist Bank,2016-12-31,0.9341938147305568,0.829234249488934,-0.10495956524162287
9846,Truist Bank,2017-03-31,0.8699639256236579,0.8303759448371648,-0.03958798078649306
9846,Truist Bank,2017-06-30,0.7513421931185348,0.7897008232263971,0.038358630107862335
9846,Truist Bank,2017-09-30,0.7542380825335477,0.6627074625422336,-0.09153061999131418
9846,Truist Bank,2017-12-31,0.7572053155381695,0.6472404545419193,-0.10996486099625025
9846,Truist Bank,2018-03-31,0.7406069364161849,0.6397891386569032,-0.10081779775928168
9846,Truist Bank,2018-06-30,0.6575651744452676,0.6369299126749457,-0.020635261770321933
9846,Truist Bank,2018-09-30,0.6390703402005676,0.579158851676191,-0.059911488524376666
9846,Truist Bank,2018-12-31,0.6352131454219282,0.575247440186982,-0.059965705234946154
9846,Truist Bank,2019-03-31,0.6183838172099361,0.5873410087261426,-0.031042808483793483
9846,Truist Bank,2019-06-30,0.5453245736460497,0.5408240137799443,-0.004500559866105425
9846,Truist Bank,2019-09-30,0.541029207232267,0.4291323400725493,-0.1118968671597177
9846,Truist Bank,2019-12-31,0.8195365881084514,0.3917342864806648,-0.42780230162778665
9846,Truist Bank,2020-03-31,0.8687785678009142,0.6598687053473202,-0.208909862453594
9846,Truist Bank,2020-06-30,0.7054724644376431,1.1858157215657805,0.4803432571281374
9846,Truist Bank,2020-09-30,0.7892232034265771,0.8459552989511105,0.0567320955245334
9846,Truist Bank,2020-12-31,1.1086384649932968,0.9543711458482398,-0.15426731914505698
9846,Truist Bank,2021-03-31,1.1297845664412653,0.7770158614882183,-0.352768704953047
9846,Truist Bank,2021-06-30,1.1196872708112304,0.9999917515247654,-0.11969551928646505
9846,Truist Bank,2021-09-30,1.0409921624825293,0.9473829159030505,-0.09360924657947889
9846,Truist Bank,2021-12-31,1.0212198815147688,0.8070172885099063,-0.21420259300486255
9846,Truist Bank,2022-03-31,1.0043456593936986,0.8142640704700548,-0.1900815889236438
9846,Truist Bank,2022-06-30,0.9313259640874306,0.817724709388669,-0.11360125469876159
9846,Truist Bank,2022-09-30,0.8980596714368304,0.9102342792093066,0.012174607772476143
9846,Truist Bank,2022-12-31,0.8651049555367647,0.8970206159310923,0.03191566039432758
9846,Truist Bank,2023-03-31,0.7850191411835248,0.9284588150062341,0.14343967382270928
9846,Truist Bank,2023-06-30,0.684768444266239,0.8311900286159966,0.1464215843497576
9846,Truist Bank,2023-09-30,0.6726967101576883,0.7519207569790041,0.07922404682131579
9846,Truist Bank,2023-12-31,0.6371140839499129,0.7927674934192666,0.1556534094693537
9846,Truist Bank,2024-03-31,0.6435167498781468,0.766051174749306,0.12253442487115918
9846,Truist Bank,2024-06-30,0.6319272125723738,0.7453154818011267,0.11338826922875289
9846,Truist Bank,2024-09-30,0.6645960658584644,0.781870024397175,0.11727395853871059
9846,Truist Bank,2024-12-31,0.6660081467067945,0.7540371728738591,0.08802902616706454
18409,Regions Bank,2005-09-30,0.3346829537341233,0.43829160312231574,0.10360864938819242
18409,Regions Bank,2005-12-31,0.32011538660279465,0.42865393652296147,0.10853854992016682
18409,Regions Bank,2006-03-31,0.3510490007076421,0.4299945807026483,0.07894557999500618
18409,Regions Bank,2006-06-30,0.3805163316314958,0.4624377809529977,0.08192144932150192
18409,Regions Bank,2006-09-30,0.3979409966671502,0.49469929779672006,0.09675830112956985
18409,Regions Bank,2006-12-31,0.5630224141866502,0.5285718552783641,-0.03445055890828608
18409,Regions Bank,2007-03-31,0.8925907367449872,0.6660478463164597,-0.2265428904285275
18409,Regions Bank,2007-06-30,0.9052200913068754,0.954255027171213,0.0490349358643376
18409,Regions Bank,2007-09-30,0.8848019100456713,1.0018753989609088,0.1170734889152375
18409,Regions Bank,2007-12-31,0.8636411454533078,0.9954654026562152,0.13182425720290736
18409,Regions Bank,2008-03-31,0.7644983677316799,0.962208994199775,0.19771062646809512
18409,Regions Bank,2008-06-30,0.7609834322279632,0.8577209593183989,0.0967375270904357
18409,Regions Bank,2008-09-30,0.8366727935737065,0.9348874671449451,0.09821467357123859
18409,Regions Bank,2008-12-31,1.1249938605966654,1.0412532412194522,-0.08374061937721322
18409,Regions Bank,2009-03-31,1.336664716860905,1.3803113499156194,0.0436466330547145
18409,Regions Bank,2009-06-30,1.5776740805648188,1.6179945499617796,0.04032046939696077
18409,Regions Bank,2009-09-30,1.8678812049279996,1.8311481197947979,-0.036733085133201726
18409,Regions Bank,2009-12-31,2.1231281535218067,2.1055176263679365,-0.017610527153870237
18409,Regions Bank,2010-03-31,2.1639206419026333,2.3077694936124886,0.14384885170985529
18409,Regions Bank,2010-06-30,2.649564647987302,2.320638630307775,-0.3289260176795268
18409,Regions Bank,2010-09-30,3.0391578849814844,2.7811905052055343,-0.2579673797759501
18409,Regions Bank,2010-12-31,3.1021616685579483,3.0996123863472613,-0.002549282210686954
18409,Regions Bank,2011-03-31,2.9064158316849187,3.139267638914187,0.23285180722926846
18409,Regions Bank,2011-06-30,2.690730949602153,2.9951072564941064,0.30437630689195316
18409,Regions Bank,2011-09-30,2.5975457101357775,2.7940682159602095,0.19652250582443198
18409,Regions Bank,2011-12-31,2.496362159109058,2.6344990397751253,0.13813688066606744
18409,Regions Bank,2012-03-31,2.1578168202091654,2.5171121834615455,0.3592953632523801
18409,Regions Bank,2012-06-30,1.8707536148468091,2.1559088413898304,0.2851552265430213
18409,Regions Bank,2012-09-30,1.8301780973998247,1.875182757699367,0.0450046602995422
18409,Regions Bank,2012-12-31,1.7982093839914337,1.8172968856295282,0.019087501638094473
18409,Regions Bank,2013-03-31,1.7613379553858364,1.7770196023505074,0.015681646964671003
18409,Regions Bank,2013-06-30,1.7073504372840675,1.7431068546905517,0.035756417406484164
18409,Regions Bank,2013-09-30,1.6239836535395906,1.6658007113328788,0.04181705779328815
18409,Regions Bank,2013-12-31,1.5619217311281843,1.650731300620806,0.08880956949262164
18409,Regions Bank,2014-03-31,1.5349268743829618,1.5503721234224863,0.015445249039524489
18409,Regions Bank,2014-06-30,1.4264287697250218,1.5060343595916703,0.07960558986664856
18409,Regions Bank,2014-09-30,1.3721461800972437,1.4202278784616493,0.04808169836440568
18409,Regions Bank,2014-12-31,1.401499401253943,1.2963875062600803,-0.10511189499386275
18409,Regions Bank,2015-03-31,1.360868222283819,1.3041832949637748,-0.056684927320044265
18409,Regions Bank,2015-06-30,1.3440546900565933,1.26244369760406,-0.08161099245253323
18409,Regions Bank,2015-09-30,1.3691475748626576,1.225978290018329,-0.14316928484432867
18409,Regions Bank,2015-12-31,1.5014965979267993,1.2641757254428945,-0.23732087248390488
18409,Regions Bank,2016-03-31,1.5487941863723003,1.383777090274379,-0.16501709609792137
18409,Regions Bank,2016-06-30,1.3215675829679026,1.4240535347108083,0.10248595174290576
18409,Regions Bank,2016-09-30,1.2798841984483822,1.185630956107004,-0.09425324234137822
18409,Regions Bank,2016-12-31,1.2777579389138924,1.1352944857392093,-0.14246345317468312
18409,Regions Bank,2017-03-31,1.2446650240661714,1.1422392135023802,-0.10242581056379119
18409,Regions Bank,2017-06-30,1.194984416661296,1.1309037400484927,-0.06408067661280326
18409,Regions Bank,2017-09-30,1.1517204589453547,1.068872001426386,-0.08284845751896874
18409,Regions Bank,2017-12-31,1.1869416876571006,1.00990964084221,-0.1770320468148907
18409,Regions Bank,2018-03-31,1.1364135954226995,1.0328505164984643,-0.10356307892423522
18409,Regions Bank,2018-06-30,1.102855252944509,0.9980201093575428,-0.10483514358696622
18409,Regions Bank,2018-09-30,1.0797443218863818,0.9868761260392073,-0.09286819584717454
18409,Regions Bank,2018-12-31,1.0323823800817145,0.9786150736620715,-0.053767306419643
18409,Regions Bank,2019-03-31,1.0552619109703196,0.9497151288215079,-0.10554678214881175
18409,Regions Bank,2019-06-30,1.0378077287957037,0.9406148701652605,-0.09719285863044325
18409,Regions Bank,2019-09-30,1.0047693619699052,0.8813185552144097,-0.12345080675549547
18409,Regions Bank,2019-12-31,0.8355950123390916,0.8168366394578183,-0.018758372881273355
18409,Regions Bank,2020-03-31,0.8024509062528057,0.6631309543372709,-0.1393199519155348
18409,Regions Bank,2020-06-30,0.8804889363857451,1.1114474741031564,0.23095853771741126
18409,Regions Bank,2020-09-30,0.8373556589857145,0.9990000268972546,0.16164436791154013
18409,Regions Bank,2020-12-31,0.7843546446787367,0.9878560101224444,0.20350136544370767
18409,Regions Bank,2021-03-31,0.7719585571688857,0.459581512768915,-0.3123770443999707
18409,Regions Bank,2021-06-30,0.7546773057833328,0.6509513766629594,-0.10372592912037337
18409,Regions Bank,2021-09-30,0.719425746537863,0.5915732662720575,-0.12785248026580542
18409,Regions Bank,2021-12-31,0.7971450693611175,0.4921434868575406,-0.3050015825035769
18409,Regions Bank,2022-03-31,0.6984766935180803,0.5912543442949395,-0.10722234922314078
18409,Regions Bank,2022-06-30,0.6320100758600482,0.5176422505993726,-0.11436782526067557
18409,Regions Bank,2022-09-30,0.6157999343045574,0.6163266333913536,0.0005266990867962562
18409,Regions Bank,2022-12-31,0.547923324897167,0.6191845854176864,0.0712612605205194
18409,Regions Bank,2023-03-31,0.5325013196502418,0.6177166947761973,0.08521537512595545
18409,Regions Bank,2023-06-30,0.5662609150790751,0.5813791148632143,0.015118199784139197
18409,Regions Bank,2023-09-30,0.6431410801114965,0.6283846313320959,-0.014756448779400633
18409,Regions Bank,2023-12-31,0.6145280306158307,0.7530486777639717,0.13852064714814094
18409,Regions Bank,2024-03-31,0.7131685081858097,0.7328996294663209,0.019731121280511243
18409,Regions Bank,2024-06-30,0.733782263694189,0.7990774855933757,0.06529522189918668
18409,Regions Bank,2024-09-30,0.7899063806802596,0.8659764435714589,0.07607006289119922
18409,Regions Bank,2024-12-31,0.9592399549406349,0.8602449426371906,-0.09899501230344421
