date,real_gdp_growth,nominal_gdp_growth,real_disposable_income_growth,nominal_disposable_income_growth,unemployment,cpi_inflation,t3m,t5y,t10y,mortgage_rate,house_price_index,cre_price_index,vix,bbb_corporate_yield,prime_rate
3/31/2000,1.5,4.2,0,0,4.033333333,0,5.52,6.586666667,6.48,8.256923077,229.93,0,23.15031746,8.330793651,8.694444444
6/30/2000,7.5,10.2,0,0,3.933333333,0,5.713333333,6.416666667,6.176666667,8.316153846,233.69,0,24.92396825,8.604126984,9.25
9/30/2000,0.4,2.8,0,0,4,0,6.016666667,6.056666667,5.893333333,8.02,237.95,0,19.16904762,8.313015873,9.5
12/31/2000,2.4,4.6,0,0,3.9,0,6.016666667,5.55,5.566666667,7.620769231,241.59,0,26.01666667,8.217580645,9.5
3/31/2001,-1.3,1.3,4.026796363,6.158790587,4.233333333,2.98245614,4.816666667,4.796666667,5.05,7.006923077,247.58,0,25.72645161,7.881774194,8.620967742
6/30/2001,2.5,5,2.730832276,4.816691343,4.4,3.193960511,3.66,4.833333333,5.27,7.13,251.73,0,23.92380952,8.038412698,7.34375
9/30/2001,-1.6,0,3.709680571,4.7518184,4.833333333,2.592165899,3.17,4.483333333,4.98,6.963846154,255.62,0,25.38033898,7.940327869,6.571428571
12/31/2001,1.1,2.4,1.311262839,2.402564847,5.5,1.603665521,1.906666667,4.09,4.77,6.770769231,258.79,0,27.91,7.920163934,5.180327869
3/31/2002,3.4,4.7,2.918221184,3.743357198,5.7,1.36286201,1.72,4.46,5.076666667,6.971538462,262.49,0,21.36083333,7.955,4.75
6/30/2002,2.5,3.9,3.825810296,5.179809499,5.833333333,1.069217783,1.713333333,4.443333333,5.1,6.813076923,266.98,0,21.643125,8.02578125,4.75
9/30/2002,1.6,3.6,1.629934472,3.690562486,5.733333333,1.516002246,1.643333333,3.346666667,4.26,6.289230769,272.27,0,35.0684375,7.63234375,4.75
12/31/2002,0.5,2.8,3.975948435,6.304193777,5.866666667,2.480270575,1.333333333,3.01,4.006666667,6.075384615,276.14,0,30.72671875,7.601451613,4.456349206
3/31/2003,2.1,4.1,1.568881554,4.120535043,5.866666667,3.025210084,1.156666667,2.91,3.92,5.840769231,279.49,0,30.02262295,7.119836066,4.25
6/30/2003,3.6,5.1,1.904374868,3.817057244,6.133333333,1.948775056,1.04,2.573333333,3.62,5.506923077,282.91,0,21.53126984,6.473809524,4.2421875
9/30/2003,6.8,9.3,3.51527047,5.091065187,6.133333333,2.378318584,0.93,3.14,4.233333333,6.033846154,287.28,0,19.32015625,6.803125,4
12/31/2003,4.7,7.3,3.165266486,5.332816212,5.833333333,2.03520352,0.916666667,3.25,4.286666667,5.919285714,295.39,0,17.4271875,6.662580645,4
3/31/2004,2.3,5.2,3.60642891,5.88688142,5.7,1.740076128,0.916666667,2.993333333,4.02,5.5975,300.04,0,16.65806452,6.266290323,4
6/30/2004,3.1,6.5,3.491601322,6.253263708,5.6,3.167667941,1.076666667,3.723333333,4.6,6.106153846,307.37,0,16.21126984,6.661935484,4.00390625
9/30/2004,3.8,6.5,2.413677987,5.438461359,5.433333333,2.539168017,1.486666667,3.506666667,4.303333333,5.894285714,319.08,0,15.4421875,6.4515625,4.42578125
12/31/2004,4.1,7.4,3.325149058,8.388180605,5.433333333,3.342318059,2.006666667,3.493333333,4.173333333,5.736153846,325.93,0,13.65140625,6.186129032,4.944444444
3/31/2005,4.5,7.9,1.463938004,4.162311992,5.3,3.206841261,2.536666667,3.883333333,4.296666667,5.768461538,333.41,15.64705809,12.78704918,5.970327869,5.447580645
6/30/2005,2,5,1.35303186,3.79988607,5.1,2.541026998,2.863333333,3.873333333,4.16,5.708461538,344.1,11.88260939,13.40734375,5.969375,5.91796875
9/30/2005,3.2,7,1.075341553,4.622230093,4.966666667,4.741833509,3.36,4.036666667,4.213333333,5.763846154,354.52,10.28785005,12.25078125,5.98109375,6.43359375
12/31/2005,2.2,5.6,0.806983491,1.794093293,4.966666667,3.338549817,3.826666667,4.39,4.49,6.226153846,362.57,13.55368581,12.78174603,6.336065574,6.971311475
3/31/2006,5.5,8.5,4.08590766,7.289621777,4.733333333,3.417918177,4.393333333,4.546666667,4.57,6.246923077,368.3,12.86265104,12.04241935,6.311774194,7.439516129
6/30/2006,1,4.6,3.52766658,6.940633373,4.633333333,4.181724316,4.703333333,4.99,5.07,6.602307692,372.09,15.62071005,14.52873016,6.737777778,7.90234375
9/30/2006,0.6,3.4,3.296454196,5.988023952,4.633333333,2.012072435,4.906666667,4.843333333,4.896666667,6.56,375.15,13.71103985,13.60793651,6.593174603,8.25
12/31/2006,3.5,5,3.627686111,6.042466211,4.433333333,2.523977789,4.903333333,4.6,4.63,6.243846154,379,13.60013758,11.03492063,6.283225806,8.25
3/31/2007,1.2,5.1,2.523141072,5.076441408,4.5,2.798197296,4.983333333,4.646666667,4.68,6.214615385,380.4,13.26926376,12.56360656,6.295645161,8.25
6/30/2007,2.5,5.3,2.647879745,4.940582204,4.5,2.692765114,4.736666667,4.763333333,4.846666667,6.358461538,380.15,12.48236148,13.73190476,6.4903125,8.25
9/30/2007,2.3,4.6,2.672055614,5.049809347,4.666666667,2.83382643,4.303333333,4.503333333,4.73,6.551538462,375.9,11.70237846,21.58920635,6.634126984,8.178571429
12/31/2007,2.5,4.2,1.558993516,4.874019,4.8,4.108813392,3.39,3.786666667,4.26,6.224615385,374.67,7.210671326,22.02984375,6.505806452,7.528225806
3/31/2008,-1.7,-0.2,1.214350599,4.144335881,5,3.97490355,2.043333333,2.746666667,3.663333333,5.872307692,371.91,-3.779156588,26.12016393,6.748852459,6.189516129
6/30/2008,2.4,4.4,2.789483079,6.601720187,5.333333333,4.935966106,1.626666667,3.16,3.886666667,6.086923077,362.51,-5.810851958,20.67296875,6.9896875,5.08203125
9/30/2008,-2.1,0.9,0.639014438,4.180880075,6,4.953319875,1.493333333,3.106666667,3.863333333,6.322307692,351.1,-9.777912288,25.0734375,7.2059375,5
12/31/2008,-8.5,-7.6,1.662717779,1.52197153,6.866666667,-0.022228003,0.296666667,2.18,3.253333333,5.841428571,347.86,-11.46326704,58.6046875,8.815645161,4.046875
3/31/2009,-4.5,-4.8,1.156203713,0.268452635,8.266666667,-0.446478768,0.213333333,1.763333333,2.736666667,5.06,350.42,-9.881918851,45,8.224754098,3.25
6/30/2009,-0.7,-1.4,-0.220714086,-1.846621573,9.3,-1.229174618,0.173333333,2.233333333,3.313333333,5.012307692,341.25,-26.23554969,33.01571429,7.973015873,3.25
9/30/2009,1.4,1.9,0.509216318,-0.359354621,9.633333333,-1.377942863,0.156666667,2.466666667,3.516666667,5.162307692,332.35,-26.68705835,25.48625,6.665625,3.25
12/31/2009,4.4,5.7,-0.477970124,2.017346967,9.933333333,2.814123123,0.056666667,2.3,3.46,4.922142857,329.8,-29.93629703,23.071875,6.327258065,3.25
3/31/2010,1.9,3.1,0.195643809,3.185940728,9.833333333,2.286171439,0.106666667,2.423333333,3.716666667,4.995833333,325.87,-22.89739348,20.14967213,6.287213115,3.25
6/30/2010,3.9,6,1.183501106,3.803047937,9.633333333,1.121560594,0.146666667,2.253333333,3.49,4.922307692,322.91,-0.035644374,26.39142857,6.18265625,3.25
9/30/2010,3.1,4.4,2.978556288,4.396459399,9.466666667,1.118312247,0.156666667,1.546666667,2.786666667,4.447142857,326.04,2.116195063,24.28359375,5.77546875,3.25
12/31/2010,2.1,4.5,3.216902696,4.785187197,9.5,1.437793022,0.136666667,1.486666667,2.863333333,4.436153846,323.72,11.6305387,19.3184375,5.917619048,3.25
3/31/2011,-0.9,1.1,3.632727433,5.441633298,9.033333333,2.61924151,0.126666667,2.12,3.46,4.846923077,314.72,11.30384995,18.61483871,6.086612903,3.25
6/30/2011,2.7,5.5,1.736418573,4.532412843,9.066666667,3.502318151,0.046666667,1.863333333,3.21,4.650769231,309.17,1.506365666,17.48238095,5.847619048,3.25
9/30/2011,-0.1,2.3,1.726088578,4.590968873,9,3.812621693,0.023333333,1.153333333,2.426666667,4.291538462,311.47,1.331839755,30.58359375,5.45609375,3.25
12/31/2011,4.6,5.1,1.570577999,4.290158127,8.633333333,3.062066838,0.013333333,0.953333333,2.046666667,4.002307692,312.91,6.24672283,29.93952381,5.253278689,3.25
3/31/2012,3.4,5.8,2.102408452,4.896843575,8.266666667,2.582875281,0.066666667,0.896666667,2.036666667,3.922307692,309.63,2.921374991,18.20403226,5.202258065,3.25
6/30/2012,1.8,3.5,2.992682011,4.255660561,8.2,1.653870448,0.086666667,0.786666667,1.823333333,3.794615385,308.21,4.602334568,20.03571429,5.09390625,3.25
9/30/2012,0.6,2.8,1.635365183,3.836996798,8.033333333,1.949716898,0.103333333,0.666666667,1.643333333,3.553846154,312.31,7.91626424,16.19269841,4.875714286,3.25
12/31/2012,0.5,2.5,4.228971309,7.487468412,7.8,1.75950498,0.086666667,0.693333333,1.706666667,3.359230769,314.77,3.604878156,16.75290323,4.574262295,3.25
3/31/2013,4,5.7,-1.413409353,-0.38394727,7.733333333,1.518747241,0.086666667,0.826666667,1.95,3.496923077,316.31,4.401579604,13.527,4.81,3.25
6/30/2013,1.1,1.9,-1.329458863,0.406655542,7.533333333,1.715793527,0.05,0.916666667,1.996666667,3.672307692,321.14,10.24592195,14.83703125,4.82453125,3.25
9/30/2013,3.5,5.5,-0.194004276,0.942169978,7.233333333,1.094734108,0.033333333,1.506666667,2.71,4.44,325.69,14.52555532,14.2796875,5.40234375,3.25
12/31/2013,3.5,5.7,-2.762359764,-3.248234823,6.933333333,1.512838367,0.063333333,1.44,2.746666667,4.293076923,328.27,12.98521208,14.2328125,5.357096774,3.25
3/31/2014,-1.4,0.1,2.430193515,4.289404421,6.666666667,1.612694914,0.046666667,1.603333333,2.763333333,4.364615385,330.93,10.11337033,14.82885246,5.119508197,3.25
6/30/2014,5.3,7.7,2.938279054,4.826217446,6.2,2.058981695,0.033333333,1.656666667,2.623333333,4.227692308,337.35,9.391572703,12.73825397,4.821904762,3.25
9/30/2014,5,6.7,3.54416664,5.070783012,6.066666667,1.684050971,0.026666667,1.7,2.496666667,4.135384615,342.2,4.825300581,13.07265625,4.74234375,3.25
12/31/2014,2,2.4,4.876475685,6.149715579,5.7,0.653121392,0.023333333,1.603333333,2.28,3.963571429,344.98,7.685317044,16.07234375,4.733709677,3.25
3/31/2015,3.6,3.4,5.094084136,4.68257999,5.533333333,-0.022031284,0.026666667,1.453333333,1.966666667,3.716666667,348.79,15.05047561,16.5647541,4.501311475,3.25
6/30/2015,2.5,4.9,4.101395682,4.127607173,5.433333333,0.17957181,0.02,1.523333333,2.166666667,3.819230769,354.43,12.10302153,13.74015873,4.8309375,3.25
9/30/2015,1.6,2.7,3.707438091,3.672832458,5.1,0.008842962,0.04,1.553333333,2.22,3.954615385,359.45,10.46202486,19.30734375,5.24296875,3.25
12/31/2015,0.7,0.7,2.827997212,2.84080248,5.033333333,0.638724752,0.123333333,1.586666667,2.19,3.897857143,362.31,5.904001253,17.03328125,5.417419355,3.290322581
3/31/2016,2.3,2,2.255400785,3.046768873,4.9,0.891616097,0.286666667,1.373333333,1.92,3.738461538,365.66,-1.21215393,20.48622951,5.298688525,3.5
6/30/2016,1.3,4.1,1.742842936,2.5041946,4.933333333,1.079286535,0.256666667,1.243333333,1.753333333,3.589230769,372.47,0.366488309,15.6759375,4.66015625,3.5
9/30/2016,2.9,3.9,1.750977997,2.933294174,4.9,1.54864462,0.296666667,1.126666667,1.563333333,3.446153846,379.12,4.111103883,13.23390625,4.256875,3.5
12/31/2016,2.2,4.2,1.83616318,3.487761089,4.766666667,2.050798912,0.43,1.61,2.13,3.842307692,382.04,5.542821935,14.09793651,4.640327869,3.545081967
3/31/2017,2,4.1,2.063919841,4.364044618,4.566666667,2.441196237,0.59,1.943333333,2.443333333,4.173076923,384.73,5.540749584,11.69193548,4.662419355,3.798387097
6/30/2017,2.3,3.3,3.385528721,5.161485712,4.366666667,1.64056581,0.89,1.81,2.263333333,3.98,393.32,9.842823178,11.42634921,4.492857143,4.046153846
9/30/2017,3.2,5.3,3.521815544,5.314929738,4.333333333,2.18056523,1.036666667,1.816666667,2.243333333,3.883846154,399.38,3.586379256,10.94428571,4.333174603,4.25
12/31/2017,4.6,7.2,3.490526165,5.209413192,4.166666667,2.12993072,1.206666667,2.07,2.37,3.922307692,402.68,5.290257799,10.30793651,4.270483871,4.294354839
3/31/2018,3.3,5.9,3.503079714,5.511330118,4.033333333,2.330949765,1.56,2.536666667,2.76,4.282307692,408.32,9.015306305,17.3547541,4.46704918,4.528225806
6/30/2018,2.1,5.1,3.304952985,5.772118569,3.933333333,2.807550694,1.84,2.766666667,2.92,4.544615385,415.81,0.841046932,15.3375,4.7771875,4.796875
9/30/2018,2.5,4.3,3.670205875,5.69963628,3.766666667,2.332055106,2.04,2.813333333,2.926666667,4.566923077,420.9,3.533084022,12.8568254,4.81,5.007936508
12/31/2018,0.6,2.3,4.013463166,6.744510282,3.833333333,2.002380904,2.316666667,2.876666667,3.033333333,4.784615385,422.31,0.206626081,21.05365079,5.137741935,5.278225806
3/31/2019,2.5,3.8,4.198879853,5.531948482,3.866666667,1.883186351,2.386666667,2.466666667,2.653333333,4.373846154,427.06,2.572814825,16.47,4.968360656,5.5
6/30/2019,3.4,5.5,3.196876523,4.395262452,3.633333333,1.671194894,2.3,2.116666667,2.333333333,4.010769231,434.2,7.318020153,15.18301587,4.6,5.5
9/30/2019,4.8,6.1,2.808503419,4.338827088,3.6,1.684497704,1.98,1.63,1.796666667,3.658461538,439.75,6.428509008,15.96015625,4.02578125,5.307692308
12/31/2019,2.8,4,2.326463174,2.719623234,3.6,2.31952747,1.576666667,1.616666667,1.793333333,3.7,443.65,5.848112846,13.98578125,3.914193548,4.834677419
3/31/2020,-5.2,-3.3,1.673807996,2.036949313,3.833333333,1.494039964,1.11,1.156666667,1.376666667,3.521538462,448.8,4.824577026,31.22451613,3.905806452,4.39516129
6/30/2020,-28,-29.1,11.88224989,10.3746344,13,0.716656283,0.143333333,0.356666667,0.686666667,3.239230769,453.33,-2.52329431,34.49365079,3.902698413,3.25
9/30/2020,34.9,39.9,7.313516668,7.302842895,8.8,1.391022891,0.113333333,0.273333333,0.65,2.952307692,461.34,-1.279888878,25.80890625,3.3171875,3.25
12/31/2020,4.6,7.2,4.630686245,5.926116114,6.766666667,1.320419132,0.093333333,0.373333333,0.863333333,2.760714286,471.44,3.107858512,25.62171875,3.297741935,3.25
3/31/2021,5.7,11.2,16.81142703,34.14088843,6.233333333,2.667818782,0.05,0.603333333,1.316666667,2.875833333,482.86,1.446507756,23.20245902,3.48704918,3.25
6/30/2021,7,13.8,-1.900905723,2.995881718,5.933333333,5.29563262,0.026666667,0.84,1.593333333,3.003846154,509.67,7.680752949,18,3.553333333,3.25
9/30/2021,3.3,9.8,0.43132087,5.320001374,5.066666667,5.351215591,0.046666667,0.796666667,1.323333333,2.872142857,538.02,15.00641137,18.28734375,3.238125,3.25
12/31/2021,7,14.6,1.372710427,7.525032463,4.166666667,7.174340285,0.053333333,1.18,1.536666667,3.079230769,556.37,15.64211067,19.27515625,3.309193548,3.25
3/31/2022,-1,7.2,-12.414955,-15.94533548,3.866666667,8.572204966,0.306666667,1.82,1.94,3.822307692,576.63,11.92355101,25.37290323,3.965322581,3.294354839
6/30/2022,0.6,10,-5.640328972,2.333546368,3.633333333,8.979361103,1.076666667,2.946666667,2.93,5.266153846,613.81,9.944623829,27.3984375,5.02016129,3.928571429
9/30/2022,2.9,7.6,-3.027880882,4.753468505,3.533333333,8.192106896,2.663333333,3.23,3.106666667,5.623076923,623.29,2.671379625,24.79272727,5.34921875,5.373076923
12/31/2022,2.8,6.8,-0.944604951,5.335079489,3.566666667,6.404600402,4.04,4,3.83,6.664615385,616.71,-1.893624981,25.00265625,5.970322581,6.819672131
3/31/2023,2.9,6.8,5.077937653,10.7319901,3.533333333,4.917719363,4.626666667,3.8,3.646666667,6.372307692,620.31,0.360915756,20.6840625,5.609032258,7.693548387
6/30/2023,2.5,4.7,6.745279634,10.70294276,3.533333333,3.070617073,5.073333333,3.693333333,3.593333333,6.510769231,638.5,1.923008672,16.44125,5.690806452,8.158730159
9/30/2023,4.7,8.2,5.597597103,8.854534136,3.633333333,3.687206638,5.29,4.313333333,4.15,7.04,649.07,-0.925404149,15.01323077,5.973809524,8.432539683
12/31/2023,3.4,5.1,5.433357519,8.364670274,3.8,3.315909943,5.283333333,4.42,4.44,7.303846154,649.37,-7.091509791,15.28625,6.196612903,8.5
3/31/2024,0.8,4,3.497599824,6.044386167,3.833333333,3.486834912,5.233333333,4.123333333,4.16,6.748461538,658.64,-9.174429561,13.71253968,5.731311475,8.5
6/30/2024,3.6,6.3,3.01563314,5.732622281,3.966666667,2.970257949,5.243333333,4.46,4.443333333,6.995384615,674.27,-10.66514227,13.98030769,5.929047619,8.5
9/30/2024,3.3,5.1,2.813863054,5.144689937,4.166666667,2.426483032,4.99,3.79,3.946666667,6.508461538,681.12,-10.57787731,17.06666667,5.62609375,8.4375
12/31/2024,1.9,4.3,2.448457012,4.995062773,4.133333333,2.870690968,4.4,4.13,4.283333333,6.632307692,684.87,-2.729386113,17.36323077,5.734516129,7.823076923
3/31/2025,-0.6,2.9,1.972340238,4.753116609,4.133333333,2.381981463,4.21,4.25,4.453333333,6.827692308,689.94,-3.007987813,18.52111111,5.97852459,7.5
6/30/2025,3.8,6,1.831425782,3.812459812,4.2,2.680453866,4.23,3.963333333,4.36,6.788461538,700.24,-7.012836837,23.56140625,6.206935484,7.5
9/30/2025,4.4,8.3,1.776918216,4.665424729,4.333333333,3.022571585,4.096666667,3.8,4.256666667,6.566153846,704.26,0,15.9830303,5.97796875,7.4609375
12/31/2025,0.5,4.2,1.048463095,3.746646782,4.45,2.653304115,3.73,3.673333333,4.096666667,6.226428571,708.31,0,17.74523077,5.828225806,7.023076923
3/31/2026,1.6,5.1,0.686696327,3.469371576,4.333333333,3.285957753,3.593333333,3.77,4.196666667,6.109166667,713.09,0,20.42904762,5.914590164,6.75
